year,tech,type,HS,diff_ratio,average_ratio
1994-2000,6,1,381800010,1,1
2001-2007,6,1,381800010,1,1
2008-2014,6,1,381800010,1,1
1994-2000,6,1,381800020,1,1
2001-2007,6,1,381800020,1,1
2008-2014,6,1,381800020,1,1
1994-2000,6,1,381800100,-1,-1
2001-2007,6,1,381800100,-1,-1
2008-2014,6,1,381800100,-1,-1
1994-2000,6,1,381800900,-1,-1
2001-2007,6,1,381800900,-1,-1
2008-2014,6,1,381800900,-1,-1
1994-2000,6,2,401110000,-1,-1
2001-2007,6,2,401110000,-1,-1
2008-2014,6,2,401110000,-1,-1
1994-2000,6,2,401110010,1,1
2001-2007,6,2,401110010,1,1
2008-2014,6,2,401110010,1,1
1994-2000,6,2,401110090,1,1
2001-2007,6,2,401110090,1,1
2008-2014,6,2,401110090,1,1
1994-2000,6,2,401120000,-0.313882398,-0.212907419
2001-2007,6,2,401120000,0.065367297,-0.10841969
2008-2014,6,2,401120000,0.157736763,-0.020258526
1994-2000,6,1,820231000,0.204667338,-0.387042241
2001-2007,6,1,820231000,0.751994651,-0.647280458
2008-2014,6,1,820231000,0.735431197,-0.588484078
1994-2000,6,1,820239000,0.681312692,0.303800066
2001-2007,6,1,820239000,0.80178441,-0.155009735
2008-2014,6,1,820239000,0.5720381,-0.092477639
1994-2000,6,1,820720000,1,1
2001-2007,6,1,820720000,1,1
2008-2014,6,1,820720000,1,1
1994-2000,6,1,820720100,-1,-1
1994-2000,6,1,820720200,-1,-1
2001-2007,6,1,820720200,-1,-1
2008-2014,6,1,820720200,-1,-1
1994-2000,6,1,820720900,-1,-1
2001-2007,6,1,820720900,-1,-1
2008-2014,6,1,820720900,-1,-1
1994-2000,4,4,820750010,1,1
2001-2007,4,4,820750010,1,1
2008-2014,4,4,820750010,1,1
1994-2000,4,4,820750090,1,1
2001-2007,4,4,820750090,1,1
2008-2014,4,4,820750090,1,1
1994-2000,4,4,820750100,-1,-1
2001-2007,4,4,820750100,-1,-1
2008-2014,4,4,820750100,-1,-1
1994-2000,4,4,820750200,-1,-1
2001-2007,4,4,820750200,-1,-1
2008-2014,4,4,820750200,-1,-1
1994-2000,4,4,820750900,-1,-1
2001-2007,4,4,820750900,-1,-1
2008-2014,4,4,820750900,-1,-1
1994-2000,4,3,830140000,0.553559482,-0.638058675
2001-2007,4,3,830140000,0.831079739,-0.473656761
2008-2014,4,3,830140000,0.746323617,-0.554193167
1994-2000,4,4,830300000,-0.409646542,-0.179973888
2001-2007,4,4,830300000,0.54811379,-0.139858767
2008-2014,4,4,830300000,0.252525958,-0.420372499
1994-2000,6,1,830710000,0.576301706,-0.498224393
2001-2007,6,1,830710000,0.701689542,-0.35271271
2008-2014,6,1,830710000,0.486709523,-0.327225918
1994-2000,6,1,830790000,-0.655968504,-0.539382004
2001-2007,6,1,830790000,-0.139998476,-0.546700807
2008-2014,6,1,830790000,0.403429878,-0.687370213
1994-2000,7,3,840732000,1,1
2001-2007,7,3,840732000,1,1
2008-2014,7,3,840732000,1,1
1994-2000,7,3,840732100,-1,-1
2001-2007,7,3,840732100,-1,-1
2008-2014,7,3,840732100,-1,-1
1994-2000,7,3,840732900,-1,-1
2001-2007,7,3,840732900,-1,-1
2008-2014,7,3,840732900,-1,-1
1994-2000,7,2,840991010,1,1
2001-2007,7,2,840991010,1,1
2008-2014,7,2,840991010,1,1
1994-2000,7,2,840991090,1,1
2001-2007,7,2,840991090,1,1
2008-2014,7,2,840991090,1,1
1994-2000,7,2,840991100,-1,-1
2001-2007,7,2,840991100,-1,-1
2008-2014,7,2,840991100,-1,-1
1994-2000,7,2,840991200,-1,-1
2001-2007,7,2,840991200,-1,-1
2008-2014,7,2,840991200,-1,-1
1994-2000,7,2,840991900,-1,-1
2001-2007,7,2,840991900,-1,-1
2008-2014,7,2,840991900,-1,-1
1994-2000,4,1,840999010,1,1
2001-2007,4,1,840999010,1,1
2008-2014,4,1,840999010,1,1
1994-2000,4,1,840999090,1,1
2001-2007,4,1,840999090,1,1
2008-2014,4,1,840999090,1,1
1994-2000,4,1,840999100,-1,-1
2001-2007,4,1,840999100,-1,-1
2008-2014,4,1,840999100,-1,-1
1994-2000,4,1,840999200,-1,-1
2001-2007,4,1,840999200,-1,-1
2008-2014,4,1,840999200,-1,-1
1994-2000,4,1,840999900,-1,-1
2001-2007,4,1,840999900,-1,-1
2008-2014,4,1,840999900,-1,-1
1994-2000,7,3,841012000,-1,-1
2001-2007,7,3,841012000,-1,-1
2008-2014,7,3,841012000,-1,-1
1994-2000,7,3,841013000,-1,-1
2001-2007,7,3,841013000,0.5,0.5
2008-2014,7,3,841013000,1,1
1994-2000,7,4,841090000,-0.514667141,-0.378399336
2001-2007,7,4,841090000,0.004095934,-0.44698675
2008-2014,7,4,841090000,0.558213382,-0.45354849
2001-2007,3,3,841111000,-1,-1
2008-2014,3,3,841111000,-1,-1
1994-2000,3,3,841112000,1,1
2001-2007,3,3,841112000,-1,-1
2001-2007,3,3,841121000,-1,-1
2008-2014,3,3,841122000,-1,-1
1994-2000,3,3,841181000,-1,-1
2001-2007,3,3,841181000,-1,-1
2008-2014,3,3,841181000,-1,-1
2001-2007,3,3,841181090,1,1
1994-2000,3,3,841182000,-1,-1
2001-2007,3,3,841182000,-0.666666667,-0.666666667
2008-2014,3,3,841182000,-0.979362692,-0.88370691
1994-2000,3,1,841191000,0.371999163,0.018187676
2001-2007,3,1,841191000,0.189228251,-0.312827337
2008-2014,3,1,841191000,-0.12079896,-0.843478454
1994-2000,3,1,841199000,-1,-1
2001-2007,3,1,841199000,-1,-1
2008-2014,3,1,841199000,-1,-1
1994-2000,3,1,841199010,1,1
2001-2007,3,1,841199010,1,1
2008-2014,3,1,841199010,1,1
1994-2000,3,1,841199090,1,1
2001-2007,3,1,841199090,1,1
2008-2014,3,1,841199090,1,1
1994-2000,3,3,841210000,-1,-1
2001-2007,3,3,841210000,-1,-1
2008-2014,3,3,841210000,-1,-1
1994-2000,3,3,841229000,-0.971217137,-0.398610147
2001-2007,3,3,841229000,-0.941919612,0.418214661
2008-2014,3,3,841229000,-0.920715687,0.469770536
1994-2000,4,4,841311000,-0.995074263,-0.831616184
2001-2007,4,4,841311000,-0.965657043,-0.631397133
2008-2014,4,4,841311000,-0.14582246,-0.491864591
1994-2000,3,3,841330000,-1,-1
2001-2007,3,3,841330000,-1,-1
2008-2014,3,3,841330000,-1,-1
1994-2000,3,3,841330010,1,1
2001-2007,3,3,841330010,1,1
2008-2014,3,3,841330010,1,1
1994-2000,3,3,841330020,1,1
2001-2007,3,3,841330020,1,1
2008-2014,3,3,841330020,1,1
1994-2000,4,3,841350010,1,1
2001-2007,4,3,841350010,1,1
2008-2014,4,3,841350010,1,1
1994-2000,4,3,841350090,1,1
2001-2007,4,3,841350090,1,1
2008-2014,4,3,841350090,1,1
1994-2000,4,3,841350100,-1,-1
2001-2007,4,3,841350100,-1,-1
2008-2014,4,3,841350100,-1,-1
1994-2000,4,3,841350900,-1,-1
2001-2007,4,3,841350900,-1,-1
2008-2014,4,3,841350900,-1,-1
2001-2007,4,3,841360011,1,1
2008-2014,4,3,841360011,1,1
1994-2000,4,3,841360019,1,1
2001-2007,4,3,841360019,1,1
2008-2014,4,3,841360019,1,1
1994-2000,4,3,841360091,1,1
2001-2007,4,3,841360091,1,1
2008-2014,4,3,841360091,1,1
1994-2000,4,3,841360099,1,1
2001-2007,4,3,841360099,1,1
2008-2014,4,3,841360099,1,1
1994-2000,4,3,841360100,-1,-1
2001-2007,4,3,841360100,-1,-1
2008-2014,4,3,841360100,-1,-1
1994-2000,4,3,841360200,-1,-1
1994-2000,4,3,841360300,-1,-1
1994-2000,4,3,841360900,-1,-1
2001-2007,4,3,841360900,-1,-1
2008-2014,4,3,841360900,-1,-1
1994-2000,4,3,841370010,1,1
2001-2007,4,3,841370010,1,1
2008-2014,4,3,841370010,1,1
1994-2000,4,3,841370090,1,1
2001-2007,4,3,841370090,1,1
2008-2014,4,3,841370090,1,1
1994-2000,4,3,841370100,-1,-1
2001-2007,4,3,841370100,-1,-1
2008-2014,4,3,841370100,-1,-1
1994-2000,4,3,841370200,-1,-1
2001-2007,4,3,841370200,-1,-1
2008-2014,4,3,841370200,-1,-1
1994-2000,4,3,841370900,-1,-1
2001-2007,4,3,841370900,-1,-1
2008-2014,4,3,841370900,-1,-1
1994-2000,3,3,841381000,0.146263455,-0.649333505
2001-2007,3,3,841381000,0.142166444,-0.606202611
2008-2014,3,3,841381000,-0.108044263,-0.477676924
1994-2000,7,3,841430010,1,1
2001-2007,7,3,841430010,1,1
2008-2014,7,3,841430010,1,1
1994-2000,7,3,841430090,1,1
2001-2007,7,3,841430090,1,1
2008-2014,7,3,841430090,1,1
1994-2000,7,3,841430100,-1,-1
2001-2007,7,3,841430100,-1,-1
2008-2014,7,3,841430100,-1,-1
1994-2000,7,3,841430900,-1,-1
2001-2007,7,3,841430900,-1,-1
2008-2014,7,3,841430900,-1,-1
1994-2000,7,3,841459000,-1,-1
2001-2007,7,3,841459000,-1,-1
2008-2014,7,3,841459000,-1,-1
1994-2000,7,3,841459010,1,1
2001-2007,7,3,841459010,1,1
2008-2014,7,3,841459010,1,1
1994-2000,7,3,841459021,1,1
2001-2007,7,3,841459021,1,1
2008-2014,7,3,841459021,1,1
1994-2000,7,3,841459029,1,1
2001-2007,7,3,841459029,1,1
2008-2014,7,3,841459029,1,1
1994-2000,7,3,841480011,1,1
2001-2007,7,3,841480011,1,1
2008-2014,7,3,841480011,1,1
1994-2000,7,3,841480019,1,1
2001-2007,7,3,841480019,1,1
2008-2014,7,3,841480019,1,1
1994-2000,7,3,841480091,1,1
2001-2007,7,3,841480091,1,1
2008-2014,7,3,841480091,1,1
1994-2000,7,3,841480092,1,1
2001-2007,7,3,841480092,1,1
2001-2007,7,3,841480093,1,1
2008-2014,7,3,841480093,1,1
1994-2000,7,3,841480100,-1,-1
2001-2007,7,3,841480100,-1,-1
2008-2014,7,3,841480100,-1,-1
1994-2000,7,3,841480210,-1,-1
2001-2007,7,3,841480210,-1,-1
2008-2014,7,3,841480210,-1,-1
1994-2000,7,3,841480220,-1,-1
2001-2007,7,3,841480220,-1,-1
2008-2014,7,3,841480220,-1,-1
1994-2000,7,3,841480290,-1,-1
2001-2007,7,3,841480290,-1,-1
2008-2014,7,3,841480290,-1,-1
1994-2000,7,3,841480900,-1,-1
2001-2007,7,3,841480900,-1,-1
2008-2014,7,3,841480900,-1,-1
1994-2000,4,1,841490010,1,1
2001-2007,4,1,841490010,1,1
2008-2014,4,1,841490010,1,1
1994-2000,4,1,841490091,1,1
2001-2007,4,1,841490091,1,1
2008-2014,4,1,841490091,1,1
1994-2000,4,1,841490099,1,1
2001-2007,4,1,841490099,1,1
2008-2014,4,1,841490099,1,1
1994-2000,4,1,841490100,-1,-1
2001-2007,4,1,841490100,-1,-1
2008-2014,4,1,841490100,-1,-1
1994-2000,4,1,841490900,-1,-1
2001-2007,4,1,841490900,-1,-1
2008-2014,4,1,841490900,-1,-1
1994-2000,8,4,841780000,-0.674991871,-0.734621989
2001-2007,8,4,841780000,-0.704322829,-0.428614025
2008-2014,8,4,841780000,-0.727667747,-0.570723313
1994-2000,1,4,841850000,-1,-1
2001-2007,1,4,841850000,-1,-1
2008-2014,1,4,841850000,-1,-1
1994-2000,1,4,841850010,1,1
2001-2007,1,4,841850010,1,1
2008-2014,1,4,841850010,1,1
1994-2000,1,4,841850090,1,1
2001-2007,1,4,841850090,1,1
2008-2014,1,4,841850090,1,1
1994-2000,7,3,841869010,1,1
2001-2007,7,3,841869010,1,1
2008-2014,7,3,841869010,1,1
1994-2000,7,3,841869020,1,1
2001-2007,7,3,841869020,1,1
2008-2014,7,3,841869020,1,1
1994-2000,7,3,841869091,1,1
2001-2007,7,3,841869091,1,1
2008-2014,7,3,841869091,1,1
1994-2000,7,3,841869099,1,1
2001-2007,7,3,841869099,1,1
2008-2014,7,3,841869099,1,1
1994-2000,7,3,841869100,-1,-1
2001-2007,7,3,841869100,-1,-1
2008-2014,7,3,841869100,-1,-1
1994-2000,7,3,841869900,-1,-1
2001-2007,7,3,841869900,-1,-1
2008-2014,7,3,841869900,-1,-1
1994-2000,7,4,841919000,-0.40697818,-0.588546805
2001-2007,7,4,841919000,0.226167557,0.331960373
2008-2014,7,4,841919000,0.857155875,-0.740850345
1994-2000,4,4,841940000,-0.7647468,-0.322711318
2001-2007,4,4,841940000,-0.709576135,-0.218078096
2008-2014,4,4,841940000,-0.679504241,-0.161356371
1994-2000,7,3,841950000,-0.798913181,-0.274273336
2001-2007,7,3,841950000,-0.387776306,-0.280410613
2008-2014,7,3,841950000,-0.405344462,-0.298332961
1994-2000,4,3,841989000,-0.923236438,-0.51603117
2001-2007,4,3,841989000,-0.829143147,-0.689268165
2008-2014,4,3,841989000,-0.422872211,-0.548006464
1994-2000,8,4,842119000,-0.968203831,-0.713669402
2001-2007,8,4,842119000,-0.955367865,-0.404216497
2008-2014,8,4,842119000,-0.69955539,-0.4002347
1994-2000,8,4,842121000,-0.891877372,-0.6167536
2001-2007,8,4,842121000,-0.23511543,-0.612549655
2008-2014,8,4,842121000,0.066640086,-0.524611772
1994-2000,3,4,842129000,-1,-1
2001-2007,3,4,842129000,-1,-1
2008-2014,3,4,842129000,-1,-1
2001-2007,3,4,842129010,1,1
2008-2014,3,4,842129010,1,1
1994-2000,3,4,842129090,1,1
2001-2007,3,4,842129090,1,1
2008-2014,3,4,842129090,1,1
1994-2000,8,4,842139000,-0.46439929,-0.52632735
2001-2007,8,4,842139000,-0.567308301,-0.84253862
2008-2014,8,4,842139000,-1,-1
2001-2007,8,4,842139010,1,1
2008-2014,8,4,842139010,1,1
2001-2007,8,4,842139090,1,1
2008-2014,8,4,842139090,1,1
1994-2000,4,4,842230010,1,1
2001-2007,4,4,842230010,1,1
2008-2014,4,4,842230010,1,1
1994-2000,4,4,842230020,1,1
2001-2007,4,4,842230020,1,1
2008-2014,4,4,842230020,1,1
1994-2000,4,4,842230090,1,1
2001-2007,4,4,842230090,1,1
2008-2014,4,4,842230090,1,1
1994-2000,4,4,842230100,-1,-1
2001-2007,4,4,842230100,-1,-1
2008-2014,4,4,842230100,-1,-1
1994-2000,4,4,842230900,-1,-1
2001-2007,4,4,842230900,-1,-1
2008-2014,4,4,842230900,-1,-1
1994-2000,4,4,842382000,0.476975264,-0.091286939
2001-2007,4,4,842382000,0.341456866,-0.472507048
2008-2014,4,4,842382000,0.593860179,-0.807219315
1994-2000,4,4,842382100,-1,-1
1994-2000,4,4,842382900,-1,-1
1994-2000,1,4,842389000,-0.428571429,-0.428571429
2001-2007,1,4,842389000,-0.658805601,-0.89573982
2008-2014,1,4,842389000,0.374150055,-0.936682814
1994-2000,1,4,842389100,-1,-1
1994-2000,1,4,842389900,-1,-1
1994-2000,7,2,842420000,-0.583942324,-0.694613198
2001-2007,7,2,842420000,-0.339366932,-0.802285624
2008-2014,7,2,842420000,0.320636363,-0.924097718
1994-2000,4,3,842481000,1,1
2001-2007,4,3,842481000,1,1
2008-2014,4,3,842481000,1,1
1994-2000,4,3,842481100,-1,-1
1994-2000,4,3,842481200,-1,-1
2001-2007,4,3,842481200,-1,-1
2008-2014,4,3,842481200,-1,-1
1994-2000,4,3,842481300,-1,-1
2001-2007,4,3,842481300,-1,-1
1994-2000,4,3,842481900,-1,-1
2001-2007,4,3,842481900,-1,-1
2008-2014,4,3,842481900,-1,-1
1994-2000,4,4,842489000,-1,-1
2001-2007,4,4,842489000,-1,-1
2008-2014,4,4,842489000,-1,-1
1994-2000,4,4,842489010,1,1
2001-2007,4,4,842489010,1,1
2008-2014,4,4,842489010,1,1
1994-2000,4,4,842489090,1,1
2001-2007,4,4,842489090,1,1
2008-2014,4,4,842489090,1,1
1994-2000,4,4,842649000,-0.992637641,-0.938241223
2001-2007,4,4,842649000,-0.428571429,-0.428571429
2008-2014,4,4,842649000,1,1
2001-2007,4,4,842649100,-1,-1
2008-2014,4,4,842649100,-1,-1
2001-2007,4,4,842649900,-1,-1
2008-2014,4,4,842649900,-1,-1
1994-2000,4,4,842710000,1,1
2001-2007,4,4,842710000,1,1
2008-2014,4,4,842710000,1,1
1994-2000,4,4,842710100,-1,-1
2001-2007,4,4,842710100,-1,-1
2008-2014,4,4,842710100,-1,-1
1994-2000,4,4,842710900,-1,-1
2001-2007,4,4,842710900,-1,-1
2008-2014,4,4,842710900,-1,-1
1994-2000,4,4,842790000,-0.974688441,-0.704631475
2001-2007,4,4,842790000,-0.733876514,-0.762939532
2008-2014,4,4,842790000,-0.086170695,-0.69690768
1994-2000,4,4,843069000,-0.9942881,-0.747476711
2001-2007,4,4,843069000,-0.986387191,-0.663925755
2008-2014,4,4,843069000,-0.82431513,0.228982478
1994-2000,4,4,843143000,-0.608519051,-0.214270641
2001-2007,4,4,843143000,-0.044610234,-0.195833126
2008-2014,4,4,843143000,0.23015183,-0.628199808
1994-2000,4,4,844340000,-1,-1
2001-2007,4,4,844340000,-0.980499017,-0.681815678
1994-2000,4,4,844790000,1,1
2001-2007,4,4,844790000,1,1
2008-2014,4,4,844790000,1,1
1994-2000,4,4,844790100,-1,-1
2001-2007,4,4,844790100,-1,-1
2008-2014,4,4,844790100,-1,-1
1994-2000,4,4,844790200,-1,-1
2001-2007,4,4,844790200,-1,-1
2008-2014,4,4,844790200,-1,-1
1994-2000,4,4,844790900,-1,-1
2001-2007,4,4,844790900,-1,-1
2008-2014,4,4,844790900,-1,-1
2001-2007,4,4,844811000,0.488850008,0.359016037
2008-2014,4,4,844811000,0.387725017,-0.216776502
1994-2000,4,4,844811100,-1,-1
2001-2007,4,4,844811100,-1,-1
1994-2000,4,4,844811900,-1,-1
2001-2007,4,4,844811900,-1,-1
1994-2000,4,4,844819000,-0.958056367,0.083502576
2001-2007,4,4,844819000,-0.805277679,-0.268825004
2008-2014,4,4,844819000,-0.791687415,-0.726858631
2001-2007,4,3,844839000,1,1
2008-2014,4,3,844839000,1,1
1994-2000,4,3,844839010,1,1
2001-2007,4,3,844839010,1,1
1994-2000,4,3,844839020,1,1
1994-2000,4,3,844839090,1,1
2001-2007,4,3,844839090,1,1
1994-2000,4,3,844839100,-1,-1
2001-2007,4,3,844839100,-1,-1
2008-2014,4,3,844839100,-1,-1
1994-2000,4,3,844839900,-1,-1
2001-2007,4,3,844839900,-1,-1
2008-2014,4,3,844839900,-1,-1
1994-2000,4,4,845140000,1,1
2001-2007,4,4,845140000,1,1
2008-2014,4,4,845140000,1,1
1994-2000,4,4,845140100,-1,-1
1994-2000,4,4,845140200,-1,-1
2001-2007,4,4,845140200,-1,-1
2008-2014,4,4,845140200,-1,-1
1994-2000,4,4,845140900,-1,-1
2001-2007,4,4,845140900,-1,-1
2008-2014,4,4,845140900,-1,-1
1994-2000,7,4,845410000,-1,-1
2001-2007,7,4,845410000,0.456352905,0.44163362
2008-2014,7,4,845410000,1,1
1994-2000,4,4,845430000,-0.980644597,-0.614713576
2001-2007,4,4,845430000,-0.987458989,-0.055315745
2008-2014,4,4,845430000,-0.858626577,-0.24232331
1994-2000,4,4,845610000,-0.986833548,-0.432472921
2001-2007,4,4,845610000,-0.982481384,0.277985577
2008-2014,4,4,845610000,-0.943999102,0.051611436
1994-2000,4,4,845620000,-0.963658996,-0.901238608
2001-2007,4,4,845620000,-0.730146834,-0.289234941
2008-2014,4,4,845620000,-0.899356338,-0.289721206
1994-2000,4,4,845630011,1,1
2001-2007,4,4,845630011,1,1
2008-2014,4,4,845630011,1,1
1994-2000,4,4,845630019,1,1
2001-2007,4,4,845630019,1,1
2008-2014,4,4,845630019,1,1
1994-2000,4,4,845630090,1,1
2001-2007,4,4,845630090,1,1
2008-2014,4,4,845630090,1,1
1994-2000,4,4,845630110,-1,-1
2001-2007,4,4,845630110,-1,-1
2008-2014,4,4,845630110,-1,-1
1994-2000,4,4,845630190,-1,-1
2001-2007,4,4,845630190,-1,-1
2008-2014,4,4,845630190,-1,-1
1994-2000,4,4,845630900,-1,-1
2001-2007,4,4,845630900,-1,-1
2008-2014,4,4,845630900,-1,-1
1994-2000,4,4,845691000,-1,-1
2001-2007,4,4,845691000,-0.998812431,-1
1994-2000,4,4,845699000,-1,-1
2001-2007,4,4,845699000,-0.954470535,-1
2001-2007,4,4,845710000,1,1
2008-2014,4,4,845710000,1,1
1994-2000,4,4,845710010,1,1
2001-2007,4,4,845710010,1,1
1994-2000,4,4,845710090,1,1
1994-2000,4,4,845710100,-1,-1
2001-2007,4,4,845710100,-1,-1
2008-2014,4,4,845710100,-1,-1
1994-2000,4,4,845710200,-1,-1
2001-2007,4,4,845710200,-1,-1
2008-2014,4,4,845710200,-1,-1
1994-2000,4,4,845710900,-1,-1
2001-2007,4,4,845710900,-1,-1
2008-2014,4,4,845710900,-1,-1
2001-2007,4,4,845730000,1,1
2008-2014,4,4,845730000,-1,-1
1994-2000,4,4,845730100,-1,-1
2001-2007,4,4,845730100,-1,-1
2008-2014,4,4,845730100,-1,-1
1994-2000,4,4,845730900,-1,-1
2001-2007,4,4,845730900,-1,-1
2008-2014,4,4,845730900,-1,-1
1994-2000,4,4,845811000,-0.9595317,-0.625079974
2001-2007,4,4,845811000,-0.831673402,-0.302459895
2008-2014,4,4,845811000,-0.503809,-0.216112039
1994-2000,4,4,845921000,-0.997725804,-0.932818787
2001-2007,4,4,845921000,-0.996572757,-0.312143975
2008-2014,4,4,845921000,-0.993952695,-0.630102075
1994-2000,4,4,845931000,-1,-1
2001-2007,4,4,845931000,-0.99839187,-0.854972577
2008-2014,4,4,845931000,-0.999628698,-0.641190554
1994-2000,4,4,845940000,1,1
2001-2007,4,4,845940000,1,1
2008-2014,4,4,845940000,1,1
1994-2000,4,4,845940100,-1,-1
2001-2007,4,4,845940100,-1,-1
2008-2014,4,4,845940100,-1,-1
1994-2000,4,4,845940900,-1,-1
2001-2007,4,4,845940900,-1,-1
2008-2014,4,4,845940900,-1,-1
1994-2000,4,4,845951000,-1,-1
2001-2007,4,4,845951000,-0.970958235,-0.782219102
2008-2014,4,4,845951000,-0.977236234,-0.499901348
1994-2000,4,4,845961000,-0.998773661,-0.956261553
2001-2007,4,4,845961000,-0.999409964,-0.845436253
2008-2014,4,4,845961000,-0.993773802,-0.586743665
1994-2000,4,4,846011000,-0.98369866,-0.743597919
2001-2007,4,4,846011000,-0.846556113,-0.526853755
2008-2014,4,4,846011000,-0.954255731,-0.604371158
1994-2000,4,4,846021000,-0.936589525,-0.871519752
2001-2007,4,4,846021000,-0.986973599,-0.521279139
2008-2014,4,4,846021000,-0.987661261,-0.354565535
1994-2000,4,4,846031000,-0.944354877,-0.731079264
2001-2007,4,4,846031000,-0.990320155,-0.721131996
2008-2014,4,4,846031000,-0.973514227,-0.654213143
2001-2007,4,4,846140000,1,1
2008-2014,4,4,846140000,1,1
1994-2000,4,4,846140090,1,1
2001-2007,4,4,846140090,1,1
1994-2000,4,4,846140091,1,1
1994-2000,4,4,846140099,1,1
1994-2000,4,4,846140100,-1,-1
2001-2007,4,4,846140100,-1,-1
2008-2014,4,4,846140100,-1,-1
1994-2000,4,4,846140910,-1,-1
2001-2007,4,4,846140910,-1,-1
2008-2014,4,4,846140910,-1,-1
1994-2000,4,4,846140920,-1,-1
1994-2000,4,4,846140990,-1,-1
2001-2007,4,4,846140990,-1,-1
2008-2014,4,4,846140990,-1,-1
1994-2000,4,4,846221000,-0.990017873,-0.749349917
2001-2007,4,4,846221000,-0.909945967,-0.309112224
2008-2014,4,4,846221000,-0.724428439,-0.181052662
1994-2000,4,4,846231000,-0.997559996,-0.60976131
2001-2007,4,4,846231000,-0.955546883,-0.718690571
2008-2014,4,4,846231000,-0.952099416,-0.354386877
1994-2000,4,4,846241000,-0.997591021,-0.855789014
2001-2007,4,4,846241000,-0.992968166,-0.085297254
2008-2014,4,4,846241000,-0.98533065,-0.240872935
1994-2000,4,4,846291000,-0.990026722,-0.710503484
2001-2007,4,4,846291000,-0.969347821,-0.613792804
2008-2014,4,4,846291000,-0.926539213,-0.59243578
1994-2000,4,4,846299000,-0.995784536,0.1103268
2001-2007,4,4,846299000,-0.954626997,-0.043762514
2008-2014,4,4,846299000,-0.935443002,-0.143637524
1994-2000,4,4,846599000,1,1
2001-2007,4,4,846599000,1,1
2008-2014,4,4,846599000,1,1
1994-2000,4,4,846599100,-1,-1
2001-2007,4,4,846599100,-1,-1
2008-2014,4,4,846599100,-1,-1
1994-2000,4,4,846599900,-1,-1
2001-2007,4,4,846599900,-1,-1
2008-2014,4,4,846599900,-1,-1
1994-2000,4,1,846693000,-0.014197683,-0.934730118
2001-2007,4,1,846693000,0.034875209,-0.933174151
2008-2014,4,1,846693000,-0.190004575,-0.914281224
1994-2000,4,4,846880000,-0.962279659,-0.182775145
2001-2007,4,4,846880000,-0.793795117,0.068605603
2008-2014,4,4,846880000,-0.750016623,-0.404713762
1994-2000,1,4,847050000,1,1
2001-2007,1,4,847050000,1,1
2008-2014,1,4,847050000,0.998031191,1
1994-2000,1,4,847110000,-0.666197193,-0.864215277
1994-2000,8,4,847230000,0.112324736,-0.280092906
2001-2007,8,4,847230000,0.861817334,0.15550132
2008-2014,8,4,847230000,0.688076997,0.141457487
1994-2000,1,4,847290000,0.604418356,-0.493882163
2001-2007,1,4,847290000,0.525282245,-0.467116799
2008-2014,1,4,847290000,0.195078221,-0.529024923
1994-2000,1,2,847330000,-1,-1
2001-2007,1,2,847330000,-1,-1
2008-2014,1,2,847330000,-1,-1
1994-2000,1,2,847330010,1,1
2001-2007,1,2,847330010,1,1
2001-2007,1,2,847330011,1,1
2008-2014,1,2,847330011,1,1
2001-2007,1,2,847330019,1,1
2008-2014,1,2,847330019,1,1
1994-2000,1,2,847330090,1,1
2001-2007,1,2,847330090,1,1
2008-2014,1,2,847330090,1,1
1994-2000,4,4,847710000,-0.984930417,-0.10563918
2001-2007,4,4,847710000,-0.894842763,-0.295094535
2008-2014,4,4,847710000,-0.908224592,-0.233194262
1994-2000,4,4,847730000,-0.982841591,-0.337319474
2001-2007,4,4,847730000,-0.827275271,-0.313678033
2008-2014,4,4,847730000,-0.879151673,-0.398089484
1994-2000,4,4,847740000,1,1
2001-2007,4,4,847740000,1,1
2008-2014,4,4,847740000,1,1
1994-2000,4,4,847740100,-1,-1
2001-2007,4,4,847740100,-1,-1
2008-2014,4,4,847740100,-1,-1
1994-2000,4,4,847740900,-1,-1
2001-2007,4,4,847740900,-1,-1
2008-2014,4,4,847740900,-1,-1
1994-2000,4,4,847751000,-0.61511344,-0.652238241
2001-2007,4,4,847751000,-0.626591317,-0.405256965
2008-2014,4,4,847751000,-0.172216863,-0.348697904
1994-2000,5,4,847759000,-0.97573018,-0.471845672
2001-2007,5,4,847759000,-0.937064173,-0.464883902
2008-2014,5,4,847759000,-0.793897863,-0.516924254
1994-2000,4,4,847780000,-0.97258399,-0.653901477
2001-2007,4,4,847780000,-0.934027999,-0.490826672
2008-2014,4,4,847780000,-0.771224032,-0.451835182
1994-2000,4,4,847910000,-0.927980575,-0.738444214
2001-2007,4,4,847910000,-0.996209565,-0.433918466
2008-2014,4,4,847910000,-0.765083418,-0.241757636
1994-2000,7,4,847982000,-0.943915316,-0.72165699
2001-2007,7,4,847982000,-0.653634934,-0.743244106
2008-2014,7,4,847982000,-0.57035171,-0.735337523
1994-2000,4,4,847989000,1,1
2001-2007,4,4,847989000,1,1
2008-2014,4,4,847989000,1,1
1994-2000,4,4,847989100,-1,-1
2001-2007,4,4,847989100,-1,-1
2008-2014,4,4,847989100,-1,-1
1994-2000,4,4,847989900,-1,-1
2001-2007,4,4,847989900,-1,-1
2008-2014,4,4,847989900,-1,-1
1994-2000,8,1,847990000,-0.854452985,-0.875925411
2001-2007,8,1,847990000,-0.5573446,-0.823456298
2008-2014,8,1,847990000,-0.294262022,-0.820502558
1994-2000,4,1,848071000,-0.892558945,-0.567593881
2001-2007,4,1,848071000,-0.560559031,-0.637221055
2008-2014,4,1,848071000,-0.093708389,-0.617690865
1994-2000,4,1,848079000,-0.905413432,-0.408082405
2001-2007,4,1,848079000,-0.594070781,-0.427872108
2008-2014,4,1,848079000,-0.344998675,-0.495272966
1994-2000,4,2,848120000,-0.924426517,-0.231615247
2001-2007,4,2,848120000,-0.913240218,0.356213506
2008-2014,4,2,848120000,-0.922248291,0.183892815
1994-2000,7,2,848180010,1,1
2001-2007,7,2,848180010,1,1
2008-2014,7,2,848180010,1,1
1994-2000,7,2,848180020,1,1
2001-2007,7,2,848180020,1,1
2008-2014,7,2,848180020,1,1
1994-2000,7,2,848180090,1,1
2001-2007,7,2,848180090,1,1
2008-2014,7,2,848180090,1,1
1994-2000,7,2,848180110,-1,-1
2001-2007,7,2,848180110,-1,-1
2008-2014,7,2,848180110,-1,-1
1994-2000,7,2,848180190,-1,-1
2001-2007,7,2,848180190,-1,-1
2008-2014,7,2,848180190,-1,-1
1994-2000,7,2,848180200,-1,-1
2001-2007,7,2,848180200,-1,-1
2008-2014,7,2,848180200,-1,-1
1994-2000,7,2,848180900,-1,-1
2001-2007,7,2,848180900,-1,-1
2008-2014,7,2,848180900,-1,-1
1994-2000,4,2,848210000,-0.253995519,0.341876431
2001-2007,4,2,848210000,0.243144438,0.54266054
2008-2014,4,2,848210000,1,1
2001-2007,4,2,848210100,-1,-1
2008-2014,4,2,848210100,-1,-1
2001-2007,4,2,848210900,-1,-1
2008-2014,4,2,848210900,-1,-1
1994-2000,4,2,848250000,-0.972199451,-0.194830993
2001-2007,4,2,848250000,-0.086377782,0.522934854
2008-2014,4,2,848250000,1,1
2001-2007,4,2,848250100,-1,-1
2008-2014,4,2,848250100,-1,-1
2001-2007,4,2,848250900,-1,-1
2008-2014,4,2,848250900,-1,-1
1994-2000,4,1,848291000,1,1
2001-2007,4,1,848291000,1,1
2008-2014,4,1,848291000,1,1
1994-2000,4,1,848291100,-1,-1
2001-2007,4,1,848291100,-1,-1
2008-2014,4,1,848291100,-1,-1
1994-2000,4,1,848291900,-1,-1
2001-2007,4,1,848291900,-1,-1
2008-2014,4,1,848291900,-1,-1
1994-2000,7,3,848340010,1,1
2001-2007,7,3,848340010,1,1
2008-2014,7,3,848340010,1,1
1994-2000,7,3,848340090,1,1
2001-2007,7,3,848340090,1,1
2008-2014,7,3,848340090,1,1
1994-2000,7,3,848340100,-1,-1
2001-2007,7,3,848340100,-1,-1
2008-2014,7,3,848340100,-1,-1
1994-2000,7,3,848340200,-1,-1
2001-2007,7,3,848340200,-1,-1
2008-2014,7,3,848340200,-1,-1
1994-2000,7,3,848340300,-1,-1
2001-2007,7,3,848340300,-1,-1
2008-2014,7,3,848340300,-1,-1
1994-2000,7,3,848340900,-1,-1
2001-2007,7,3,848340900,-1,-1
2008-2014,7,3,848340900,-1,-1
1994-2000,6,1,848410000,-0.968377818,-0.489080477
2001-2007,6,1,848410000,-0.866320956,-0.414612872
2008-2014,6,1,848410000,-0.737083212,-0.399220874
1994-2000,8,3,848510000,-0.535552293,-0.154227812
2001-2007,8,3,848510000,-0.953018816,0.054626037
1994-2000,6,1,848590000,-0.271052094,-0.771291935
2001-2007,6,1,848590000,0.072181245,-0.562997047
1994-2000,7,3,850162000,-0.277615494,-0.382584294
2001-2007,7,3,850162000,0.535728173,-0.201785432
2008-2014,7,3,850162000,0.900212475,-0.531563017
1994-2000,7,3,850163000,-0.774619625,-0.73072222
2001-2007,7,3,850163000,-0.199072364,-0.187729306
2008-2014,7,3,850163000,0.782027176,0.066453711
1994-2000,7,3,850164000,1,1
2001-2007,7,3,850164000,1,1
2008-2014,7,3,850164000,1,1
1994-2000,7,3,850164100,-1,-1
1994-2000,7,3,850164200,-1,-1
2001-2007,7,3,850164200,-1,-1
1994-2000,7,3,850164300,-1,-1
2001-2007,7,3,850164300,-1,-1
2008-2014,7,3,850164300,-1,-1
1994-2000,7,3,850164900,-1,-1
2001-2007,7,3,850164900,-1,-1
2008-2014,7,3,850164900,-1,-1
1994-2000,7,3,850211000,-0.963412273,-0.381388028
2001-2007,7,3,850211000,-0.934337468,-0.194673062
2008-2014,7,3,850211000,-0.8424407,-0.234749635
1994-2000,7,3,850231000,0.425661376,-1
2001-2007,7,3,850231000,0.239723415,-1
2008-2014,7,3,850231000,0.149159329,-1
1994-2000,7,3,850239000,-0.998801203,-1
2001-2007,7,3,850239000,-0.807851134,-1
2008-2014,7,3,850239000,-0.918002331,-1
1994-2000,4,3,850300000,-0.323717365,-0.620296115
2001-2007,4,3,850300000,-0.23588209,-0.632103326
2008-2014,4,3,850300000,-0.070129632,-0.524649475
1994-2000,7,3,850410000,0.218637205,0.394914696
2001-2007,7,3,850410000,0.711659206,-0.198845951
2008-2014,7,3,850410000,-0.083065554,-0.493549026
1994-2000,7,3,850423000,-0.659745345,-0.450861491
2001-2007,7,3,850423000,-0.981291693,-0.659475164
2008-2014,7,3,850423000,-0.09962408,-0.462649904
1994-2000,7,3,850423900,-1,-1
1994-2000,1,3,850431000,1,1
2001-2007,1,3,850431000,1,1
2008-2014,1,3,850431000,1,1
1994-2000,1,3,850431100,-1,-1
2001-2007,1,3,850431100,-1,-1
1994-2000,1,3,850431200,-1,-1
2001-2007,1,3,850431200,-1,-1
2008-2014,1,3,850431200,-1,-1
2001-2007,1,3,850431900,-1,-1
2008-2014,1,3,850431900,-1,-1
1994-2000,1,3,850431910,-1,-1
2001-2007,1,3,850431910,-1,-1
1994-2000,1,3,850431920,-1,-1
2001-2007,1,3,850431920,-1,-1
1994-2000,7,3,850432000,0.225112305,0.16695558
2001-2007,7,3,850432000,0.434827619,-0.561257384
2008-2014,7,3,850432000,0.634360518,-0.495792617
1994-2000,7,3,850432100,-1,-1
1994-2000,7,3,850432900,-1,-1
2001-2007,7,2,850433000,-1,-1
2008-2014,7,2,850433000,-1,-1
1994-2000,7,2,850433010,1,1
2001-2007,7,2,850433010,1,1
2008-2014,7,2,850433010,1,1
1994-2000,7,2,850433020,1,1
2001-2007,7,2,850433020,1,1
2008-2014,7,2,850433020,1,1
1994-2000,7,2,850433090,1,1
2001-2007,7,2,850433090,1,1
2008-2014,7,2,850433090,1,1
1994-2000,7,2,850433100,-1,-1
1994-2000,7,2,850433910,-1,-1
2001-2007,7,2,850433910,-1,-1
1994-2000,7,2,850433920,-1,-1
2001-2007,7,2,850433920,-1,-1
1994-2000,7,3,850434000,-0.467803341,-0.423530955
2001-2007,7,3,850434000,-0.772275479,-0.160405088
2008-2014,7,3,850434000,0.353059713,-0.24756258
1994-2000,7,3,850434100,-1,-1
1994-2000,7,3,850434900,-1,-1
1994-2000,4,2,850440011,1,1
2001-2007,4,2,850440011,1,1
2008-2014,4,2,850440011,1,1
1994-2000,4,2,850440019,1,1
2001-2007,4,2,850440019,1,1
2008-2014,4,2,850440019,1,1
1994-2000,4,2,850440090,1,1
2001-2007,4,2,850440090,1,1
2008-2014,4,2,850440090,1,1
1994-2000,4,2,850440110,-1,-1
2001-2007,4,2,850440110,-1,-1
2008-2014,4,2,850440110,-1,-1
1994-2000,4,2,850440190,-1,-1
2001-2007,4,2,850440190,-1,-1
2008-2014,4,2,850440190,-1,-1
1994-2000,4,2,850440900,-1,-1
2001-2007,4,2,850440900,-1,-1
2008-2014,4,2,850440900,-1,-1
1994-2000,1,1,850450000,0.532822068,-0.348724331
2001-2007,1,1,850450000,0.471543305,-0.527889239
2008-2014,1,1,850450000,0.224157127,-0.655645231
1994-2000,7,1,850490000,-0.280644315,-0.129744941
2001-2007,7,1,850490000,-0.20528142,-0.188726914
2008-2014,7,1,850490000,-0.324374701,-0.652421456
1994-2000,6,1,850511000,-0.279508822,-0.565582134
2001-2007,6,1,850511000,-0.280071221,-0.61584405
2008-2014,6,1,850511000,-0.258031721,-0.530092222
1994-2000,7,1,850780000,-0.104629507,0.323540629
2001-2007,7,1,850780000,1,1
2008-2014,7,1,850780000,0.793942661,0.354306009
1994-2000,7,1,850780100,-1,-1
2001-2007,7,1,850780100,-1,-1
2008-2014,7,1,850780100,-1,-1
1994-2000,7,1,850780200,-1,-1
2001-2007,7,1,850780200,-1,-1
2008-2014,7,1,850780200,-1,-1
1994-2000,7,1,850780900,-1,-1
2001-2007,7,1,850780900,-1,-1
2008-2014,7,1,850780900,-1,-1
1994-2000,4,4,851521000,-0.991727045,-0.44640533
2001-2007,4,4,851521000,-0.981996444,-0.207091767
2008-2014,4,4,851521000,-0.949555241,-0.459276498
1994-2000,4,4,851531000,-0.988294801,-0.307523148
2001-2007,4,4,851531000,-0.907892443,-0.448246842
2008-2014,4,4,851531000,-0.667407261,-0.547661156
1994-2000,4,4,851539000,-0.884999412,-0.475384233
2001-2007,4,4,851539000,0.189876585,-0.445139556
2008-2014,4,4,851539000,0.361096954,-0.544317778
1994-2000,7,4,851580000,-1,-1
2001-2007,7,4,851580000,-1,-1
2008-2014,7,4,851580000,-1,-1
1994-2000,7,4,851580010,1,1
2001-2007,7,4,851580010,1,1
2008-2014,7,4,851580010,1,1
1994-2000,7,4,851580090,1,1
2001-2007,7,4,851580090,1,1
2008-2014,7,4,851580090,1,1
1994-2000,1,1,851680000,0.236723752,-0.636240422
2001-2007,1,1,851680000,0.255988536,-0.622906572
2008-2014,1,1,851680000,0.412859071,-0.600530517
1994-2000,1,4,851730000,-0.917731696,-0.847004279
1994-2000,1,4,851790000,-1,-1
2001-2007,1,4,851790000,-1,-1
1994-2000,1,4,851790010,1,1
2001-2007,1,4,851790010,1,1
1994-2000,1,4,851790090,1,1
2001-2007,1,4,851790090,1,1
1994-2000,1,2,851810000,1,1
2001-2007,1,2,851810000,0.709853697,0.227309498
2008-2014,1,2,851810000,0.524349522,-0.828872438
1994-2000,1,2,851810100,-1,-1
2001-2007,1,2,851810100,-1,-1
1994-2000,1,2,851810200,-1,-1
2001-2007,1,2,851810200,-1,-1
1994-2000,1,3,851829000,1,1
2001-2007,1,3,851829000,1,1
2008-2014,1,3,851829000,1,1
1994-2000,1,3,851829900,-1,-1
2001-2007,1,3,851829900,-1,-1
2008-2014,1,3,851829900,-1,-1
1994-2000,1,3,851840000,1,1
2001-2007,1,3,851840000,1,1
2008-2014,1,3,851840000,1,1
1994-2000,1,3,851840100,-1,-1
2001-2007,1,3,851840100,-1,-1
2008-2014,1,3,851840100,-1,-1
1994-2000,1,3,851840200,-1,-1
2001-2007,1,3,851840200,-1,-1
2008-2014,1,3,851840200,-1,-1
1994-2000,1,3,851840900,-1,-1
2001-2007,1,3,851840900,-1,-1
2008-2014,1,3,851840900,-1,-1
1994-2000,1,4,851999000,1,1
2001-2007,1,4,851999000,1,1
2001-2007,1,4,852020000,1,1
1994-2000,1,4,852110000,0.422200335,-0.132268161
2001-2007,1,4,852110000,0.279037671,-0.907669164
2008-2014,1,4,852110000,-0.81369638,-0.859805232
1994-2000,1,4,852190000,-0.590170052,-0.221793688
2001-2007,1,4,852190000,0.98574941,-0.542402689
2008-2014,1,4,852190000,0.975510698,-0.791603486
1994-2000,1,1,852290000,1,1
2001-2007,1,1,852290000,1,1
2008-2014,1,1,852290000,0.821633184,0.23916259
1994-2000,1,1,852290100,-1,-1
2001-2007,1,1,852290100,-1,-1
2001-2007,1,1,852290200,-1,-1
2008-2014,1,1,852290200,-1,-1
1994-2000,1,1,852290900,-1,-1
2001-2007,1,1,852290900,-1,-1
2008-2014,1,1,852290900,-1,-1
1994-2000,1,1,852390000,-1,-1
2001-2007,1,1,852390000,-0.638289616,-0.50245203
1994-2000,1,1,852390020,1,1
2001-2007,1,1,852390020,1,1
1994-2000,1,4,852510000,1,1
2001-2007,1,4,852510000,1,1
1994-2000,1,4,852510010,1,1
1994-2000,1,4,852510091,1,1
1994-2000,1,4,852510099,1,1
1994-2000,1,4,852510100,-1,-1
1994-2000,1,4,852510200,-1,-1
2001-2007,1,4,852510200,-1,-1
1994-2000,1,4,852510900,-1,-1
2001-2007,1,4,852510900,-1,-1
1994-2000,1,4,852510910,-1,-1
1994-2000,1,4,852510920,-1,-1
1994-2000,1,4,852510990,-1,-1
2001-2007,1,4,852520010,1,1
1994-2000,1,4,852520020,1,1
2001-2007,1,4,852520020,1,1
1994-2000,1,4,852520030,1,1
2001-2007,1,4,852520030,1,1
1994-2000,1,4,852520091,1,1
2001-2007,1,4,852520091,1,1
1994-2000,1,4,852520092,1,1
2001-2007,1,4,852520092,1,1
1994-2000,1,4,852520099,1,1
2001-2007,1,4,852520099,1,1
1994-2000,1,4,852520100,-1,-1
2001-2007,1,4,852520100,-1,-1
1994-2000,1,4,852520200,-1,-1
2001-2007,1,4,852520200,-1,-1
1994-2000,1,4,852520400,-1,-1
1994-2000,1,4,852520500,-1,-1
2001-2007,1,4,852520500,-1,-1
1994-2000,1,4,852520600,-1,-1
2001-2007,1,4,852520600,-1,-1
1994-2000,1,4,852520910,-1,-1
2001-2007,1,4,852520910,-1,-1
1994-2000,1,4,852520920,-1,-1
2001-2007,1,4,852520920,-1,-1
1994-2000,1,4,852520990,-1,-1
2001-2007,1,4,852520990,-1,-1
1994-2000,1,4,852530000,1,1
2001-2007,1,4,852530000,1,1
1994-2000,1,4,852530110,-1,-1
2001-2007,1,4,852530110,-1,-1
1994-2000,1,4,852530190,-1,-1
2001-2007,1,4,852530190,-1,-1
1994-2000,1,4,852530900,-1,-1
2001-2007,1,4,852530900,-1,-1
1994-2000,3,3,852610000,-1,-1
2001-2007,3,3,852610000,-1,-1
2008-2014,3,3,852610000,-1,-1
1994-2000,3,3,852610010,1,1
2001-2007,3,3,852610010,1,1
2008-2014,3,3,852610010,1,1
2001-2007,3,3,852610020,1,1
2008-2014,3,3,852610020,1,1
1994-2000,3,3,852610090,1,1
2001-2007,3,3,852610090,1,1
2008-2014,3,3,852610090,1,1
1994-2000,1,1,852910000,1,1
2001-2007,1,1,852910000,1,1
2008-2014,1,1,852910000,1,1
1994-2000,1,1,852910100,-1,-1
2001-2007,1,1,852910100,-1,-1
2008-2014,1,1,852910100,-1,-1
1994-2000,1,1,852910200,-1,-1
2001-2007,1,1,852910200,-1,-1
1994-2000,1,1,852910900,-1,-1
2001-2007,1,1,852910900,-1,-1
2008-2014,1,1,852910900,-1,-1
1994-2000,1,1,852990000,1,1
2001-2007,1,1,852990000,1,1
1994-2000,1,1,852990100,-1,-1
2001-2007,1,1,852990100,-1,-1
2008-2014,1,1,852990100,-1,-1
2001-2007,1,1,852990111,1,1
2008-2014,1,1,852990111,1,1
2001-2007,1,1,852990112,1,1
2008-2014,1,1,852990112,1,1
2001-2007,1,1,852990113,1,1
2008-2014,1,1,852990113,1,1
2001-2007,1,1,852990120,1,1
2008-2014,1,1,852990120,1,1
2001-2007,1,1,852990190,1,1
2008-2014,1,1,852990190,1,1
1994-2000,1,1,852990200,-1,-1
2001-2007,1,1,852990200,-1,-1
2008-2014,1,1,852990200,-1,-1
1994-2000,1,1,852990900,-1,-1
2001-2007,1,1,852990900,-0.618806248,-0.826852702
2008-2014,1,1,852990900,-0.018970288,-0.452847604
1994-2000,1,4,853110000,0.321732214,-0.669089524
2001-2007,1,4,853110000,0.669477944,-0.435083965
2008-2014,1,4,853110000,0.729616814,-0.393721329
1994-2000,1,2,853120000,-0.460482635,-0.42110191
2001-2007,1,2,853120000,0.526557439,-0.476315713
2008-2014,1,2,853120000,0.545490349,-0.238028452
1994-2000,1,1,853180000,0.528378974,-0.303571138
2001-2007,1,1,853180000,0.705509885,-0.435224653
2008-2014,1,1,853180000,0.676123478,-0.451551133
1994-2000,1,1,853210000,-0.987471907,-0.190095326
2001-2007,1,1,853210000,-0.950520256,-0.457381864
2008-2014,1,1,853210000,-0.901507108,0.035536537
1994-2000,1,1,853221000,-0.53580168,0.205263246
2001-2007,1,1,853221000,0.15116762,0.26627614
2008-2014,1,1,853221000,-0.351116036,-0.084631771
1994-2000,1,1,853222000,-0.871959141,-0.247964886
2001-2007,1,1,853222000,-0.822787127,-0.019003689
2008-2014,1,1,853222000,-0.876453007,0.019806591
1994-2000,1,1,853223000,-0.790013163,0.077395394
2001-2007,1,1,853223000,-0.891910148,-0.298638241
2008-2014,1,1,853223000,-0.496771431,-0.145270092
1994-2000,1,1,853224000,-0.499237779,0.152633719
2001-2007,1,1,853224000,-0.619773278,-0.436157437
2008-2014,1,1,853224000,-0.887484538,-0.53422019
1994-2000,1,1,853225000,-0.546255165,-0.17839285
2001-2007,1,1,853225000,-0.319842863,-0.299296937
2008-2014,1,1,853225000,-0.293566236,-0.292782815
2001-2007,1,1,853230000,1,1
2008-2014,1,1,853230000,1,1
1994-2000,1,1,853230010,1,1
2001-2007,1,1,853230010,1,1
1994-2000,1,1,853230090,1,1
2001-2007,1,1,853230090,1,1
1994-2000,1,1,853230100,-1,-1
2001-2007,1,1,853230100,-1,-1
2008-2014,1,1,853230100,-1,-1
1994-2000,1,1,853230200,-1,-1
2001-2007,1,1,853230200,-1,-1
2008-2014,1,1,853230200,-1,-1
1994-2000,1,1,853321000,-0.487040236,-0.549576312
2001-2007,1,1,853321000,-0.247503834,-0.485868414
2008-2014,1,1,853321000,-0.068050165,-0.514641473
1994-2000,1,2,853340000,0.131409638,-0.289734801
2001-2007,1,2,853340000,0.221275247,-0.505088111
2008-2014,1,2,853340000,-0.005008061,-0.373929944
1994-2000,1,2,853400000,-0.491825235,0.082536754
2001-2007,1,2,853400000,-0.203071107,-0.392450754
2008-2014,1,2,853400000,-0.032250469,-0.563166192
1994-2000,7,3,853529000,-0.658765535,-0.175573864
2001-2007,7,3,853529000,-0.779285795,-0.419894613
2008-2014,7,3,853529000,-0.412467356,-0.374181189
1994-2000,7,3,853529100,-1,-1
1994-2000,7,3,853529900,-1,-1
1994-2000,7,1,853530000,-0.993040627,-0.323482616
2001-2007,7,1,853530000,-0.926196008,-0.248694467
2008-2014,7,1,853530000,-0.501486112,-0.485445574
1994-2000,7,2,853540000,1,1
2001-2007,7,2,853540000,1,1
2008-2014,7,2,853540000,1,1
1994-2000,7,2,853540100,-1,-1
2001-2007,7,2,853540100,-1,-1
2008-2014,7,2,853540100,-1,-1
1994-2000,7,2,853540900,-1,-1
2001-2007,7,2,853540900,-1,-1
2008-2014,7,2,853540900,-1,-1
1994-2000,7,2,853590000,-0.992215414,-0.427779185
2001-2007,7,2,853590000,-0.87456097,-0.332169055
2008-2014,7,2,853590000,-0.700249661,-0.42381382
1994-2000,7,2,853620000,0.341080085,-0.139284116
2001-2007,7,2,853620000,0.526023112,0.0368518
2008-2014,7,2,853620000,0.092532623,-0.291525303
1994-2000,1,2,853630000,-0.192666951,-0.669751024
2001-2007,1,2,853630000,-0.053711899,-0.675554337
2008-2014,1,2,853630000,-0.039160935,-0.268772206
1994-2000,1,2,853641000,0.373282153,-0.354075822
2001-2007,1,2,853641000,0.106013722,-0.246559651
2008-2014,1,2,853641000,-0.197593518,-0.260935189
1994-2000,1,2,853649000,0.237151272,0.078645282
2001-2007,1,2,853649000,0.168547521,-0.267974106
2008-2014,1,2,853649000,-0.29932918,-0.347226937
1994-2000,1,2,853650011,1,1
2001-2007,1,2,853650011,1,1
2008-2014,1,2,853650011,1,1
1994-2000,1,2,853650019,1,1
2001-2007,1,2,853650019,1,1
2008-2014,1,2,853650019,1,1
1994-2000,1,2,853650090,1,1
2001-2007,1,2,853650090,1,1
2008-2014,1,2,853650090,1,1
1994-2000,1,2,853650100,-1,-1
2001-2007,1,2,853650100,-1,-1
2008-2014,1,2,853650100,-1,-1
1994-2000,1,2,853650900,-1,-1
2001-2007,1,2,853650900,-1,-1
2008-2014,1,2,853650900,-1,-1
1994-2000,4,1,853690000,1,1
2001-2007,4,1,853690000,1,1
2008-2014,4,1,853690000,1,1
1994-2000,4,1,853690100,-1,-1
2001-2007,4,1,853690100,-1,-1
2008-2014,4,1,853690100,-1,-1
1994-2000,4,1,853690200,-1,-1
1994-2000,4,1,853690210,-1,-1
2001-2007,4,1,853690210,-1,-1
2008-2014,4,1,853690210,-1,-1
1994-2000,4,1,853690290,-1,-1
2001-2007,4,1,853690290,-1,-1
2008-2014,4,1,853690290,-1,-1
1994-2000,1,3,853710000,-0.80681477,-0.115925438
2001-2007,1,3,853710000,-0.514068309,-0.138644628
2008-2014,1,3,853710000,-0.499010058,-0.243157758
1994-2000,7,3,853720000,-0.940589461,-0.321302281
2001-2007,7,3,853720000,-0.870098574,-0.508430059
2008-2014,7,3,853720000,-0.836442133,-0.489292002
1994-2000,7,1,853931000,-0.359340369,-0.00406145
2001-2007,7,1,853931000,0.698686621,-0.309713481
2008-2014,7,1,853931000,0.892070766,-0.053842117
1994-2000,1,2,854020000,-1,-1
2001-2007,1,2,854020000,-1,-1
2008-2014,1,2,854020000,-1,-1
1994-2000,1,2,854020010,1,1
2001-2007,1,2,854020010,1,1
1994-2000,1,2,854020090,1,1
2001-2007,1,2,854020090,1,1
2008-2014,1,2,854020090,1,1
1994-2000,1,2,854020100,-1,-1
1994-2000,1,2,854020900,-1,-1
1994-2000,1,2,854081000,0.74807605,-0.364818652
2001-2007,1,2,854081000,0.777042465,-0.303151487
2008-2014,1,2,854081000,-0.486106711,0.118958478
1994-2000,1,2,854089000,1,1
2001-2007,1,2,854089000,1,1
2008-2014,1,2,854089000,1,1
1994-2000,1,2,854089100,-1,-1
2001-2007,1,2,854089100,-1,-1
2008-2014,1,2,854089100,-1,-1
1994-2000,1,2,854089900,-1,-1
2001-2007,1,2,854089900,-1,-1
2008-2014,1,2,854089900,-1,-1
1994-2000,1,1,854091000,-0.684877815,-0.432029053
2001-2007,1,1,854091000,-0.862888522,0.228711464
2008-2014,1,1,854091000,-0.332529602,0.035550392
1994-2000,1,1,854290000,-0.897440899,0.435491571
2001-2007,1,1,854290000,-0.964838587,-0.316342841
2008-2014,1,1,854290000,-0.96886207,-0.657662172
1994-2000,4,2,854320000,-1,-1
1994-2000,4,2,854320010,1,1
1994-2000,4,2,854320090,1,1
1994-2000,4,3,854330000,-0.953372153,-0.345950466
1994-2000,4,1,854390000,-0.385050631,-0.162121163
2001-2007,4,1,854390000,-0.534694999,-0.284399692
2008-2014,4,1,854390000,-0.639055111,-0.312746532
1994-2000,6,1,854411000,-0.940752117,-0.013169199
2001-2007,6,1,854411000,-0.757923353,0.033559371
2008-2014,6,1,854411000,-0.646628439,-0.254760514
1994-2000,6,1,854420000,0.470284925,0.012062731
2001-2007,6,1,854420000,0.706084329,-0.448452002
2008-2014,6,1,854420000,0.740493129,-0.464181399
1994-2000,1,1,854449000,1,1
1994-2000,1,1,854449010,1,1
2001-2007,1,1,854449010,1,1
2008-2014,1,1,854449010,1,1
1994-2000,1,1,854449090,1,1
2001-2007,1,1,854449090,1,1
2001-2007,1,1,854449091,1,1
2008-2014,1,1,854449091,1,1
2001-2007,1,1,854449099,1,1
2008-2014,1,1,854449099,1,1
2001-2007,1,1,854449100,-1,-1
2008-2014,1,1,854449100,-1,-1
1994-2000,1,1,854449110,-1,-1
2001-2007,1,1,854449110,-1,-1
1994-2000,1,1,854449190,-1,-1
2001-2007,1,1,854449190,-1,-1
2001-2007,1,1,854449200,-1,-1
2008-2014,1,1,854449200,-1,-1
2008-2014,1,1,854449900,-1,-1
1994-2000,1,1,854449910,-1,-1
2001-2007,1,1,854449910,-1,-1
2008-2014,1,1,854449910,-1,-1
1994-2000,1,1,854449990,-1,-1
2001-2007,1,1,854449990,-1,-1
2008-2014,1,1,854449990,-1,-1
1994-2000,6,1,854460010,1,1
2001-2007,6,1,854460010,1,1
2008-2014,6,1,854460010,1,1
1994-2000,6,1,854460090,1,1
2001-2007,6,1,854460090,1,1
2008-2014,6,1,854460090,1,1
2001-2007,6,1,854460100,-1,-1
2008-2014,6,1,854460100,-1,-1
1994-2000,6,1,854460110,-1,-1
2001-2007,6,1,854460110,-1,-1
1994-2000,6,1,854460190,-1,-1
2001-2007,6,1,854460190,-1,-1
2008-2014,6,1,854460900,-1,-1
1994-2000,6,1,854460910,-1,-1
2001-2007,6,1,854460910,-1,-1
2008-2014,6,1,854460910,-1,-1
1994-2000,6,1,854460990,-1,-1
2001-2007,6,1,854460990,-1,-1
2008-2014,6,1,854460990,-1,-1
1994-2000,6,1,854470010,1,1
2001-2007,6,1,854470010,1,1
2008-2014,6,1,854470010,1,1
1994-2000,6,1,854470090,1,1
2001-2007,6,1,854470090,1,1
2008-2014,6,1,854470090,1,1
1994-2000,6,1,854470100,-1,-1
2001-2007,6,1,854470100,-1,-1
2008-2014,6,1,854470100,-1,-1
1994-2000,6,1,854470910,-1,-1
2001-2007,6,1,854470910,-1,-1
2008-2014,6,1,854470910,-1,-1
1994-2000,6,1,854470990,-1,-1
2001-2007,6,1,854470990,-1,-1
2008-2014,6,1,854470990,-1,-1
1994-2000,7,1,854690000,-0.624048039,-0.578655693
2001-2007,7,1,854690000,-0.150893807,-0.668364642
2008-2014,7,1,854690000,-0.118114394,-0.279669564
1994-2000,7,1,854790000,0.505321461,0.561911178
2001-2007,7,1,854790000,-0.690143918,-0.452883247
2008-2014,7,1,854790000,-0.578458077,0.001421875
1994-2000,7,1,854790100,-1,-1
1994-2000,7,1,854790900,-1,-1
1994-2000,4,4,860900000,0.871510599,0.190595093
2001-2007,4,4,860900000,0.925585678,0.107949226
2008-2014,4,4,860900000,0.957574217,-0.155112047
1994-2000,1,4,870590000,-0.996419092,-0.851204109
2001-2007,1,4,870590000,-0.984314784,-0.739009318
2008-2014,1,4,870590000,-0.555557218,-0.343001378
1994-2000,4,2,870893000,-0.942392098,-0.546241614
2001-2007,4,2,870893000,-0.693807581,-0.268765133
2008-2014,4,2,870893000,-0.376092116,-0.181718614
1994-2000,4,2,870899010,1,1
2001-2007,4,2,870899010,1,1
2008-2014,4,2,870899010,1,1
1994-2000,4,2,870899090,1,1
2001-2007,4,2,870899090,1,1
2008-2014,4,2,870899090,1,1
1994-2000,4,2,870899100,-1,-1
2001-2007,4,2,870899100,-1,-1
2008-2014,4,2,870899100,-1,-1
1994-2000,4,2,870899200,-1,-1
2001-2007,4,2,870899200,-1,-1
2008-2014,4,2,870899200,-1,-1
1994-2000,4,2,870899900,-1,-1
2001-2007,4,2,870899900,-1,-1
2008-2014,4,2,870899900,-1,-1
1994-2000,3,4,880190000,1,1
2001-2007,3,4,880190000,1,1
1994-2000,3,4,880190100,-1,-1
2001-2007,3,4,880211000,-1,-1
1994-2000,3,4,880220000,-1,-1
2001-2007,3,4,880220000,0.044468468,-0.113956895
2008-2014,3,4,880220000,1,1
2001-2007,3,4,880310000,-1,-1
1994-2000,3,4,880310090,1,1
2008-2014,3,4,880310090,1,1
1994-2000,3,2,880320000,0.5,0.333333333
2001-2007,3,2,880320000,0.498519758,-0.202127278
2008-2014,3,2,880320000,0.790259777,-0.180752323
1994-2000,3,2,880330000,-0.623659252,-0.723347462
2001-2007,3,2,880330000,-0.463452248,-0.136169675
2008-2014,3,2,880330000,-0.244007524,0.255419279
1994-2000,3,2,880390000,0.393331621,0.345103033
2001-2007,3,2,880390000,0.512023273,0.592652241
2008-2014,3,2,880390000,0.77668797,0.848484229
1994-2000,3,1,880400000,0.986325968,0.713987466
2001-2007,3,1,880400000,0.959370656,0.748635242
2008-2014,3,1,880400000,1,1
2001-2007,3,3,880529000,-0.975867071,-0.010286901
2008-2014,3,3,880529000,0.50978505,0.482384824
1994-2000,8,2,890790000,0.666817832,-1
2001-2007,8,2,890790000,0.797158151,-1
2008-2014,8,2,890790000,0.842390787,-1
1994-2000,6,1,900110010,1,1
2001-2007,6,1,900110010,1,1
2008-2014,6,1,900110010,1,1
1994-2000,6,1,900110090,1,1
2001-2007,6,1,900110090,1,1
2008-2014,6,1,900110090,1,1
1994-2000,6,1,900110100,-1,-1
2001-2007,6,1,900110100,-1,-1
2008-2014,6,1,900110100,-1,-1
1994-2000,6,1,900110900,-1,-1
2001-2007,6,1,900110900,-1,-1
2008-2014,6,1,900110900,-1,-1
1994-2000,4,1,900190000,-0.304615486,-0.039831556
2001-2007,4,1,900190000,-0.437477853,0.135173891
2008-2014,4,1,900190000,-0.489602836,0.431567446
1994-2000,1,2,900211010,1,1
2001-2007,1,2,900211010,1,1
2008-2014,1,2,900211010,1,1
1994-2000,1,2,900211090,1,1
2001-2007,1,2,900211090,1,1
2008-2014,1,2,900211090,1,1
1994-2000,1,2,900211100,-1,-1
2001-2007,1,2,900211100,-1,-1
2008-2014,1,2,900211100,-1,-1
1994-2000,1,2,900211200,-1,-1
2001-2007,1,2,900211200,-1,-1
2008-2014,1,2,900211200,-1,-1
1994-2000,1,2,900211900,-1,-1
2001-2007,1,2,900211900,-1,-1
2008-2014,1,2,900211900,-1,-1
1994-2000,4,2,900290000,-0.598404315,-0.342200307
2001-2007,4,2,900290000,-0.141806559,-0.163384317
2008-2014,4,2,900290000,-0.00541854,-0.092997882
1994-2000,4,2,900290010,1,1
1994-2000,4,2,900290090,1,1
1994-2000,4,4,900580000,1,1
2001-2007,4,4,900580000,1,1
2008-2014,4,4,900580000,1,1
1994-2000,4,4,900580110,-1,-1
2001-2007,4,4,900580110,-1,-1
2008-2014,4,4,900580110,-1,-1
1994-2000,4,4,900580190,-1,-1
2001-2007,4,4,900580190,-1,-1
2008-2014,4,4,900580190,-1,-1
1994-2000,4,4,900580900,-1,-1
2001-2007,4,4,900580900,-1,-1
2008-2014,4,4,900580900,-1,-1
1994-2000,4,4,900610000,-1,-1
2001-2007,4,4,900610000,-0.954460314,-0.869268684
2008-2014,4,4,900610000,-0.684316443,-0.503165758
1994-2000,4,4,900620000,-1,-1
2001-2007,4,4,900620000,1,1
2001-2007,5,4,900630000,-0.990752966,-0.979545828
2008-2014,5,4,900630000,-0.993027669,-0.765321906
1994-2000,5,4,900630021,1,1
2001-2007,5,4,900630021,1,1
2001-2007,5,4,900630029,1,1
1994-2000,5,4,900630100,-1,-1
2001-2007,5,4,900630100,-1,-1
1994-2000,5,4,900630900,-1,-1
2001-2007,5,4,900630900,-1,-1
1994-2000,1,4,900719000,-0.6,-0.6
2001-2007,1,4,900719000,-0.333333333,-0.333333333
2008-2014,1,4,900719000,-0.918660287,-0.899718838
1994-2000,1,1,900791000,-0.389293717,-0.620224091
2001-2007,1,1,900791000,0.163382834,-0.217102707
2008-2014,1,1,900791000,0.303943102,0.108762066
1994-2000,1,4,900911000,0.037553934,0.666034221
2001-2007,1,4,900911000,-0.138064567,0.55836725
1994-2000,1,4,900912000,0.859216255,0.526937745
2001-2007,1,4,900912000,0.535294142,0.659160417
1994-2000,5,3,901110000,-0.626438067,-0.625979495
2001-2007,5,3,901110000,0.088019209,-0.606021743
2008-2014,5,3,901110000,0.539342549,-0.678404226
1994-2000,4,3,901180000,1,1
2001-2007,4,3,901180000,1,1
2008-2014,4,3,901180000,1,1
1994-2000,4,3,901180100,-1,-1
2001-2007,4,3,901180100,-1,-1
2008-2014,4,3,901180100,-1,-1
1994-2000,4,3,901180900,-1,-1
2001-2007,4,3,901180900,-1,-1
2008-2014,4,3,901180900,-1,-1
1994-2000,4,1,901190000,0.005887513,-0.450855355
2001-2007,4,1,901190000,-0.403753836,-0.598628548
2008-2014,4,1,901190000,-0.100115346,-0.663457158
1994-2000,4,3,901210000,-0.983558442,-0.772486585
2001-2007,4,3,901210000,-0.975101718,-0.712296589
2008-2014,4,3,901210000,-0.978687163,-0.523315245
1994-2000,4,2,901310000,1,1
2001-2007,4,2,901310000,0.787442526,0.324355225
2008-2014,4,2,901310000,0.41273987,-0.671112556
2001-2007,4,2,901310100,-1,-1
1994-2000,4,2,901310900,-1,-1
2001-2007,4,2,901310900,-1,-1
1994-2000,4,2,901320000,-1,-1
2001-2007,4,2,901320000,-1,-1
2008-2014,4,2,901320000,-1,-1
1994-2000,4,2,901320010,1,1
2001-2007,4,2,901320010,1,1
2008-2014,4,2,901320010,1,1
1994-2000,4,2,901320090,1,1
2001-2007,4,2,901320090,1,1
2008-2014,4,2,901320090,1,1
1994-2000,1,2,901380000,0.315784528,-0.423139207
2001-2007,1,2,901380000,-0.287218292,-0.343293261
2008-2014,1,2,901380000,-0.668534671,0.015323019
1994-2000,3,2,901410000,-0.235360505,-0.592312122
2001-2007,3,2,901410000,-0.063371876,-0.719191663
2008-2014,3,2,901410000,-0.582934981,-0.370470794
2001-2007,3,3,901420000,-0.128992247,-0.137994217
2008-2014,3,3,901420000,0.65103768,0.000860985
2001-2007,3,4,901420010,1,1
1994-2000,3,4,901420019,1,1
1994-2000,3,4,901420090,1,1
1994-2000,3,4,901420100,-1,-1
2001-2007,3,4,901420100,-1,-1
1994-2000,3,4,901420900,-1,-1
2001-2007,3,4,901420900,-1,-1
1994-2000,4,4,901510000,-0.755863393,-0.673929511
2001-2007,4,4,901510000,-0.203141273,-0.311534646
2008-2014,4,4,901510000,0.199577338,-0.487294179
1994-2000,4,4,901520000,-0.998980757,-0.770847743
2001-2007,4,4,901520000,-0.678897799,-0.363821278
2008-2014,4,4,901520000,-0.416353251,-0.565740969
1994-2000,4,4,901530000,0.584500793,-0.482573555
2001-2007,4,4,901530000,0.615564533,-0.743158173
2008-2014,4,4,901530000,0.669679611,-0.69360911
1994-2000,4,3,901540000,0.333333333,0.333333333
2001-2007,4,3,901540000,0.692684366,0.681185919
2008-2014,4,3,901540000,0.404246436,0.411091234
2001-2007,4,4,901580000,0.066612468,-0.902329064
2008-2014,4,4,901580000,0.123146215,-0.940629169
1994-2000,4,4,901580010,1,1
2001-2007,4,4,901580010,1,1
1994-2000,4,4,901580090,1,1
2001-2007,4,4,901580090,1,1
1994-2000,4,4,901580100,-1,-1
2001-2007,4,4,901580100,-1,-1
1994-2000,4,4,901580900,-1,-1
2001-2007,4,4,901580900,-1,-1
1994-2000,4,1,901590010,1,1
2001-2007,4,1,901590010,1,1
2008-2014,4,1,901590010,1,1
1994-2000,4,1,901590090,1,1
2001-2007,4,1,901590090,1,1
2008-2014,4,1,901590090,1,1
1994-2000,4,4,901590091,1,1
1994-2000,4,4,901590099,1,1
1994-2000,4,1,901590100,-1,-1
2001-2007,4,1,901590100,-1,-1
2008-2014,4,1,901590100,-1,-1
2001-2007,4,1,901590900,-1,-1
2008-2014,4,1,901590900,-1,-1
1994-2000,4,4,901590910,-1,-1
2001-2007,4,4,901590910,-1,-1
1994-2000,4,4,901590990,-1,-1
2001-2007,4,4,901590990,-1,-1
2001-2007,4,4,901600000,-0.534180223,-0.651463101
2008-2014,4,4,901600000,0.050103399,-0.36223964
1994-2000,4,4,901600010,1,1
2001-2007,4,4,901600010,1,1
1994-2000,4,4,901600090,1,1
2001-2007,4,4,901600090,1,1
1994-2000,4,4,901600100,-1,-1
2001-2007,4,4,901600100,-1,-1
1994-2000,4,4,901600900,-1,-1
2001-2007,4,4,901600900,-1,-1
1994-2000,1,4,901710000,-0.995748612,-0.717592751
2001-2007,1,4,901710000,-0.976659779,-0.714369181
2008-2014,1,4,901710000,-0.730356878,-0.7093412
1994-2000,1,4,901720000,0.727856908,-0.592215302
2001-2007,1,4,901720000,0.924364087,-0.467987032
2008-2014,1,4,901720000,0.882372181,-0.202242981
1994-2000,4,2,901730010,1,1
2001-2007,4,2,901730010,1,1
2008-2014,4,2,901730010,1,1
1994-2000,4,2,901730090,1,1
2001-2007,4,2,901730090,1,1
2008-2014,4,2,901730090,1,1
1994-2000,4,2,901730091,1,1
1994-2000,4,2,901730092,1,1
1994-2000,4,2,901730099,1,1
1994-2000,4,2,901730100,-1,-1
2001-2007,4,2,901730100,-1,-1
2008-2014,4,2,901730100,-1,-1
1994-2000,4,2,901730910,-1,-1
2001-2007,4,2,901730910,-1,-1
2008-2014,4,2,901730910,-1,-1
1994-2000,4,2,901730920,-1,-1
2001-2007,4,2,901730920,-1,-1
2008-2014,4,2,901730920,-1,-1
1994-2000,4,2,901730930,-1,-1
2001-2007,4,2,901730930,-1,-1
2008-2014,4,2,901730930,-1,-1
1994-2000,4,2,901730990,-1,-1
2001-2007,4,2,901730990,-1,-1
2008-2014,4,2,901730990,-1,-1
1994-2000,5,4,901811000,1,1
2001-2007,5,4,901811000,0.336712955,0.539417333
2008-2014,5,4,901811000,-0.331795377,-0.378495979
1994-2000,5,4,901811100,-1,-1
2001-2007,5,4,901811100,-1,-1
1994-2000,5,4,901811900,-1,-1
2001-2007,5,4,901811900,-1,-1
1994-2000,5,4,901819010,1,1
2001-2007,5,4,901819010,1,1
2008-2014,5,4,901819010,1,1
1994-2000,5,4,901819091,1,1
2001-2007,5,4,901819091,1,1
2008-2014,5,4,901819091,1,1
1994-2000,5,4,901819098,1,1
2001-2007,5,4,901819098,1,1
2008-2014,5,4,901819098,1,1
1994-2000,5,4,901819099,1,1
1994-2000,5,3,901819100,-1,-1
2001-2007,5,3,901819100,-1,-1
2008-2014,5,3,901819100,-1,-1
1994-2000,5,4,901819210,-1,-1
2001-2007,5,4,901819210,-1,-1
2008-2014,5,4,901819210,-1,-1
1994-2000,5,4,901819290,-1,-1
2001-2007,5,4,901819290,-1,-1
2008-2014,5,4,901819290,-1,-1
1994-2000,5,4,901819900,-1,-1
2001-2007,5,4,901819900,-1,-1
2008-2014,5,4,901819900,-1,-1
1994-2000,5,4,901820000,-0.74921905,-0.976020493
2001-2007,5,4,901820000,0.468755005,-0.645150778
2008-2014,5,4,901820000,0.329141534,-0.880336662
1994-2000,4,1,901831000,-1,-1
2001-2007,4,1,901831000,-1,-1
2008-2014,4,1,901831000,-1,-1
1994-2000,4,1,901831010,1,1
2001-2007,4,1,901831010,1,1
2008-2014,4,1,901831010,1,1
1994-2000,4,1,901831020,1,1
2001-2007,4,1,901831020,1,1
2008-2014,4,1,901831020,1,1
1994-2000,5,1,901839000,-1,-1
2001-2007,5,1,901839000,-1,-1
2008-2014,5,1,901839000,-1,-1
1994-2000,5,1,901839010,1,1
2001-2007,5,1,901839010,1,1
2008-2014,5,1,901839010,1,1
1994-2000,5,1,901839021,1,1
2001-2007,5,1,901839021,1,1
2008-2014,5,1,901839021,1,1
1994-2000,5,1,901839029,1,1
2001-2007,5,1,901839029,1,1
2008-2014,5,1,901839029,1,1
1994-2000,5,4,901849010,1,1
2001-2007,5,4,901849010,1,1
2008-2014,5,4,901849010,1,1
1994-2000,5,4,901849020,1,1
2001-2007,5,4,901849020,1,1
2008-2014,5,4,901849020,1,1
1994-2000,5,4,901849090,1,1
2001-2007,5,4,901849090,1,1
2008-2014,5,4,901849090,1,1
1994-2000,5,4,901849100,-1,-1
2001-2007,5,4,901849100,-1,-1
2008-2014,5,4,901849100,-1,-1
1994-2000,5,4,901849900,-1,-1
2001-2007,5,4,901849900,-1,-1
2008-2014,5,4,901849900,-1,-1
1994-2000,5,4,901850010,1,1
2001-2007,5,4,901850010,1,1
2008-2014,5,4,901850010,1,1
1994-2000,5,4,901850090,1,1
2001-2007,5,4,901850090,1,1
2008-2014,5,4,901850090,1,1
1994-2000,5,3,901850100,-1,-1
2001-2007,5,3,901850100,-1,-1
2008-2014,5,3,901850100,-1,-1
1994-2000,5,3,901850900,-1,-1
2001-2007,5,3,901850900,-1,-1
2008-2014,5,3,901850900,-1,-1
1994-2000,5,4,901890010,1,1
2001-2007,5,4,901890010,1,1
2008-2014,5,4,901890010,1,1
1994-2000,5,4,901890021,1,1
2001-2007,5,4,901890021,1,1
2008-2014,5,4,901890021,1,1
1994-2000,5,4,901890022,1,1
2001-2007,5,4,901890022,1,1
2008-2014,5,4,901890022,1,1
1994-2000,5,4,901890023,1,1
2001-2007,5,4,901890023,1,1
2008-2014,5,4,901890023,1,1
1994-2000,5,4,901890024,1,1
2001-2007,5,4,901890024,1,1
2008-2014,5,4,901890024,1,1
1994-2000,5,4,901890029,1,1
2001-2007,5,4,901890029,1,1
2008-2014,5,4,901890029,1,1
1994-2000,5,4,901890110,-1,-1
2001-2007,5,4,901890110,-1,-1
2008-2014,5,4,901890110,-1,-1
1994-2000,5,4,901890190,-1,-1
2001-2007,5,4,901890190,-1,-1
2008-2014,5,4,901890190,-1,-1
1994-2000,5,1,901890200,-1,-1
2001-2007,5,1,901890200,-1,-1
2008-2014,5,1,901890200,-1,-1
1994-2000,5,1,901890311,-1,-1
2001-2007,5,1,901890311,-1,-1
2008-2014,5,1,901890311,-1,-1
1994-2000,5,1,901890319,-1,-1
2001-2007,5,1,901890319,-1,-1
2008-2014,5,1,901890319,-1,-1
1994-2000,5,1,901890390,-1,-1
2001-2007,5,1,901890390,-1,-1
2008-2014,5,1,901890390,-1,-1
1994-2000,5,1,901890900,-1,-1
2001-2007,5,1,901890900,-1,-1
2008-2014,5,1,901890900,-1,-1
1994-2000,5,3,901910000,0.810472052,-0.140477412
2001-2007,5,3,901910000,0.841238844,-0.35851432
2008-2014,5,3,901910000,0.910614879,-0.412767511
1994-2000,5,4,901920000,-0.064856078,-0.601768074
2001-2007,5,4,901920000,0.77282154,-0.558938943
2008-2014,5,4,901920000,0.90561038,-0.491560743
2001-2007,5,2,902110000,0.754416563,-0.873620698
2008-2014,5,2,902110000,0.767155044,-0.85952914
1994-2000,5,1,902121000,0.864899944,0.350474107
2001-2007,5,1,902121000,0.026521122,-0.797687599
2008-2014,5,1,902121000,-1,-1
2001-2007,5,1,902121010,1,1
2008-2014,5,1,902121010,1,1
2001-2007,5,1,902121090,1,1
2008-2014,5,1,902121090,1,1
2001-2007,5,1,902131000,-0.108960435,-0.573175337
2008-2014,5,1,902131000,0.608820038,-0.066048361
2001-2007,5,1,902139000,-0.914032091,-0.283424383
2008-2014,5,1,902139000,-0.865046845,-0.425020872
2001-2007,5,3,902150000,1,1
1994-2000,5,1,902190000,-0.43605713,-0.410351082
2001-2007,5,1,902190000,0.614361181,0.420379752
2008-2014,5,1,902190000,0.731896203,0.054989446
1994-2000,5,4,902219000,-0.986330461,-0.742629927
2001-2007,5,4,902219000,-0.991593875,-0.209297603
2008-2014,5,4,902219000,-0.87326808,-0.410119108
1994-2000,5,4,902221000,-1,-1
2001-2007,5,4,902221000,-1,-1
2008-2014,5,4,902221000,0.348116428,-0.074967915
1994-2000,4,4,902229000,-0.973379325,-0.980925526
2001-2007,4,4,902229000,-0.962714791,-0.708736646
2008-2014,4,4,902229000,-0.958399249,-0.566263822
2001-2007,5,2,902230000,-1,-1
2008-2014,5,2,902230000,-1,-1
1994-2000,5,2,902230010,1,1
2001-2007,5,2,902230010,1,1
2008-2014,5,2,902230010,1,1
1994-2000,5,2,902230090,1,1
2001-2007,5,2,902230090,1,1
2008-2014,5,2,902230090,1,1
1994-2000,5,2,902230100,-1,-1
2001-2007,5,2,902230100,-1,-1
1994-2000,5,2,902230900,-1,-1
2001-2007,5,2,902230900,-1,-1
1994-2000,5,3,902290010,1,1
2001-2007,5,3,902290010,1,1
2008-2014,5,3,902290010,1,1
1994-2000,5,3,902290021,1,1
2001-2007,5,3,902290021,1,1
2008-2014,5,3,902290021,1,1
1994-2000,5,3,902290029,1,1
2001-2007,5,3,902290029,1,1
2008-2014,5,3,902290029,1,1
1994-2000,5,3,902290100,-1,-1
2001-2007,5,3,902290100,-1,-1
1994-2000,5,2,902290910,-1,-1
2001-2007,5,2,902290910,-1,-1
2008-2014,5,2,902290910,-1,-1
1994-2000,5,2,902290990,-1,-1
2001-2007,5,2,902290990,-1,-1
2008-2014,5,2,902290990,-1,-1
1994-2000,1,4,902300000,-0.134742151,-0.304881512
2001-2007,1,4,902300000,0.623118765,-0.332782534
2008-2014,1,4,902300000,0.754892625,-0.475713374
2001-2007,4,4,902410000,-0.948131802,-0.526018121
2008-2014,4,4,902410000,-0.839655713,-0.332155036
1994-2000,4,4,902410010,1,1
2001-2007,4,4,902410010,1,1
1994-2000,4,4,902410090,1,1
2001-2007,4,4,902410090,1,1
1994-2000,4,4,902410100,-1,-1
2001-2007,4,4,902410100,-1,-1
1994-2000,4,4,902410900,-1,-1
2001-2007,4,4,902410900,-1,-1
2001-2007,4,4,902480000,-0.865458248,-0.692296799
2008-2014,4,4,902480000,-0.845230552,-0.385948307
1994-2000,4,4,902480010,1,1
2001-2007,4,4,902480010,1,1
1994-2000,4,4,902480090,1,1
2001-2007,4,4,902480090,1,1
1994-2000,4,4,902480100,-1,-1
2001-2007,4,4,902480100,-1,-1
1994-2000,4,4,902480900,-1,-1
2001-2007,4,4,902480900,-1,-1
2001-2007,4,4,902519000,-1,-1
2008-2014,4,4,902519000,-1,-1
1994-2000,4,4,902519010,1,1
2001-2007,4,4,902519010,1,1
2008-2014,4,4,902519010,1,1
1994-2000,4,4,902519090,1,1
2001-2007,4,4,902519090,1,1
2008-2014,4,4,902519090,1,1
1994-2000,4,4,902519100,-1,-1
2001-2007,4,4,902519100,-1,-1
1994-2000,4,4,902519900,-1,-1
2001-2007,4,4,902519900,-1,-1
2001-2007,4,2,902610000,1,1
2008-2014,4,2,902610000,1,1
1994-2000,4,2,902610010,1,1
2001-2007,4,2,902610010,1,1
1994-2000,4,2,902610090,1,1
2001-2007,4,2,902610090,1,1
1994-2000,4,2,902610110,-1,-1
2001-2007,4,2,902610110,-1,-1
2008-2014,4,2,902610110,-1,-1
1994-2000,4,2,902610190,-1,-1
2001-2007,4,2,902610190,-1,-1
2008-2014,4,2,902610190,-1,-1
1994-2000,4,2,902610900,-1,-1
2001-2007,4,2,902610900,-1,-1
2008-2014,4,2,902610900,-1,-1
1994-2000,4,4,902620010,1,1
2001-2007,4,4,902620010,1,1
2008-2014,4,4,902620010,1,1
1994-2000,4,4,902620090,1,1
2001-2007,4,4,902620090,1,1
2008-2014,4,4,902620090,1,1
1994-2000,4,4,902620110,-1,-1
2001-2007,4,4,902620110,-1,-1
2008-2014,4,4,902620110,-1,-1
1994-2000,4,4,902620190,-1,-1
2001-2007,4,4,902620190,-1,-1
2008-2014,4,4,902620190,-1,-1
1994-2000,4,4,902620900,-1,-1
2001-2007,4,4,902620900,-1,-1
2008-2014,4,4,902620900,-1,-1
1994-2000,4,2,902690000,-0.519185633,-0.580725487
2001-2007,4,2,902690000,-0.283806494,-0.382569036
2008-2014,4,2,902690000,-0.324737603,-0.643460995
1994-2000,8,4,902710000,-0.984808195,-0.047896411
2001-2007,8,4,902710000,-0.729905223,0.249045214
2008-2014,8,4,902710000,-0.843506608,0.139813716
1994-2000,4,4,902720000,-0.997009423,-0.492545351
2001-2007,4,4,902720000,-0.085883802,-0.002440405
2008-2014,4,4,902720000,0.080926842,-0.168353599
2001-2007,4,4,902730000,0.106800451,-0.155379282
2008-2014,4,4,902730000,-0.299000789,-0.493993214
1994-2000,4,4,902730010,1,1
2001-2007,4,4,902730010,1,1
1994-2000,4,4,902730090,1,1
2001-2007,4,4,902730090,1,1
1994-2000,4,4,902730100,-1,-1
2001-2007,4,4,902730100,-1,-1
1994-2000,4,4,902730900,-1,-1
2001-2007,4,4,902730900,-1,-1
1994-2000,4,4,902750000,-0.984354549,-0.454816205
2001-2007,4,4,902750000,-0.658532099,-0.322133109
2008-2014,4,4,902750000,-0.802290599,-0.509113541
1994-2000,4,4,902780011,1,1
2001-2007,4,4,902780011,1,1
2008-2014,4,4,902780011,1,1
1994-2000,4,4,902780019,1,1
2001-2007,4,4,902780019,1,1
2008-2014,4,4,902780019,1,1
1994-2000,4,4,902780090,1,1
2001-2007,4,4,902780090,1,1
2008-2014,4,4,902780090,1,1
1994-2000,4,4,902780091,1,1
1994-2000,4,4,902780110,-1,-1
2001-2007,4,4,902780110,-1,-1
2008-2014,4,4,902780110,-1,-1
2001-2007,4,4,902780120,-1,-1
1994-2000,4,4,902780190,-1,-1
2001-2007,4,4,902780190,-1,-1
2008-2014,4,4,902780190,-1,-1
1994-2000,4,4,902780910,-1,-1
2001-2007,4,4,902780910,-1,-1
2008-2014,4,4,902780910,-1,-1
1994-2000,4,4,902780990,-1,-1
2001-2007,4,4,902780990,-1,-1
2008-2014,4,4,902780990,-1,-1
1994-2000,4,4,902790010,1,1
2001-2007,4,4,902790010,1,1
2008-2014,4,4,902790010,1,1
1994-2000,4,4,902790090,1,1
2001-2007,4,4,902790090,1,1
2008-2014,4,4,902790090,1,1
1994-2000,4,1,902790100,-1,-1
2001-2007,4,1,902790100,-1,-1
2008-2014,4,1,902790100,-1,-1
1994-2000,4,1,902790900,-1,-1
2001-2007,4,1,902790900,-1,-1
2008-2014,4,1,902790900,-1,-1
1994-2000,4,3,902810000,-0.980714531,-0.74324594
2001-2007,4,3,902810000,-0.666494008,0.620911398
2008-2014,4,3,902810000,-0.953941413,-0.157238538
1994-2000,4,3,902830000,-0.805176276,-0.163199684
2001-2007,4,3,902830000,0.211125961,0.068778755
2008-2014,4,3,902830000,0.116231034,-0.26223071
1994-2000,4,3,902920010,1,1
2001-2007,4,3,902920010,1,1
2008-2014,4,3,902920010,1,1
1994-2000,4,3,902920090,1,1
2001-2007,4,3,902920090,1,1
2008-2014,4,3,902920090,1,1
1994-2000,4,3,902920100,-1,-1
2001-2007,4,3,902920100,-1,-1
2008-2014,4,3,902920100,-1,-1
1994-2000,4,3,902920910,-1,-1
2001-2007,4,3,902920910,-1,-1
2008-2014,4,3,902920910,-1,-1
1994-2000,4,3,902920920,-1,-1
2001-2007,4,3,902920920,-1,-1
2008-2014,4,3,902920920,-1,-1
1994-2000,4,3,902920990,-1,-1
2001-2007,4,3,902920990,-1,-1
2008-2014,4,3,902920990,-1,-1
1994-2000,8,4,903010000,-0.760818139,-0.42573284
2001-2007,8,4,903010000,-0.717887546,-0.489062298
2008-2014,8,4,903010000,-0.268003774,-0.096037831
1994-2000,4,4,903020000,-0.73229515,-0.51540732
2001-2007,4,4,903020000,0.443646591,-0.153531391
2008-2014,4,4,903020000,0.747985527,-0.171749637
1994-2000,4,3,903031000,0.01479944,-0.650352666
2001-2007,4,3,903031000,0.360981586,-0.447964813
2008-2014,4,3,903031000,0.500498483,-0.616954734
2001-2007,4,4,903039000,-0.580390168,-0.789473472
2008-2014,4,4,903039000,-0.521006657,-0.391867901
1994-2000,4,4,903039010,1,1
2001-2007,4,4,903039010,1,1
1994-2000,4,4,903039090,1,1
2001-2007,4,4,903039090,1,1
1994-2000,4,4,903039100,-1,-1
2001-2007,4,4,903039100,-1,-1
1994-2000,4,4,903039900,-1,-1
2001-2007,4,4,903039900,-1,-1
1994-2000,4,3,903040000,-0.960984201,-0.537400893
2001-2007,4,3,903040000,-0.713498273,-0.04491618
2008-2014,4,3,903040000,-0.830173877,-0.38872213
1994-2000,4,4,903089010,1,1
2001-2007,4,4,903089010,1,1
2008-2014,4,4,903089010,1,1
1994-2000,4,4,903089091,1,1
2001-2007,4,4,903089091,1,1
2008-2014,4,4,903089091,1,1
2008-2014,4,4,903089092,1,1
1994-2000,4,4,903089099,1,1
2001-2007,4,4,903089099,1,1
2008-2014,4,4,903089099,1,1
1994-2000,4,4,903089100,-1,-1
2001-2007,4,4,903089100,-1,-1
2008-2014,4,4,903089100,-1,-1
1994-2000,4,4,903089910,-1,-1
2001-2007,4,4,903089910,-1,-1
2008-2014,4,4,903089910,-1,-1
1994-2000,4,4,903089920,-1,-1
1994-2000,4,4,903089990,-1,-1
2001-2007,4,4,903089990,-1,-1
2008-2014,4,4,903089990,-1,-1
1994-2000,4,4,903110000,-0.857565589,-0.297146421
2001-2007,4,4,903110000,-0.737649586,-0.413919356
2008-2014,4,4,903110000,-0.972648772,-0.785326394
1994-2000,4,3,903120000,-0.986506072,-0.868597131
2001-2007,4,3,903120000,-0.497244452,-0.266158142
2008-2014,4,3,903120000,-0.985468046,-0.528471617
2008-2014,4,3,903149010,1,1
2001-2007,4,3,903149100,-1,-1
2008-2014,4,3,903149100,-1,-1
1994-2000,4,4,903180011,1,1
2001-2007,4,4,903180011,1,1
2008-2014,4,4,903180011,1,1
1994-2000,4,4,903180012,1,1
2001-2007,4,4,903180012,1,1
2008-2014,4,4,903180012,1,1
1994-2000,4,4,903180013,1,1
2001-2007,4,4,903180013,1,1
2008-2014,4,4,903180013,1,1
1994-2000,4,4,903180019,1,1
2001-2007,4,4,903180019,1,1
2008-2014,4,4,903180019,1,1
1994-2000,4,4,903180090,1,1
2001-2007,4,4,903180090,1,1
2008-2014,4,4,903180090,1,1
1994-2000,4,4,903180110,-1,-1
2001-2007,4,4,903180110,-1,-1
2008-2014,4,4,903180110,-1,-1
1994-2000,4,4,903180190,-1,-1
2001-2007,4,4,903180190,-1,-1
2008-2014,4,4,903180190,-1,-1
1994-2000,4,4,903180900,-1,-1
2001-2007,4,4,903180900,-1,-1
2008-2014,4,4,903180900,-1,-1
1994-2000,4,3,903281000,-0.983658327,-0.250276629
2001-2007,4,3,903281000,-0.391904976,-0.13796708
2008-2014,4,3,903281000,-0.672774432,0.164583554
1994-2000,4,3,903289010,1,1
2001-2007,4,3,903289010,1,1
2008-2014,4,3,903289010,1,1
1994-2000,4,3,903289090,1,1
2001-2007,4,3,903289090,1,1
2008-2014,4,3,903289090,1,1
1994-2000,4,3,903289111,-1,-1
2001-2007,4,3,903289111,-1,-1
2008-2014,4,3,903289111,-1,-1
1994-2000,4,3,903289112,-1,-1
2001-2007,4,3,903289112,-1,-1
2008-2014,4,3,903289112,-1,-1
1994-2000,4,3,903289119,-1,-1
2001-2007,4,3,903289119,-1,-1
2008-2014,4,3,903289119,-1,-1
1994-2000,4,3,903289190,-1,-1
2001-2007,4,3,903289190,-1,-1
2008-2014,4,3,903289190,-1,-1
1994-2000,4,3,903289900,-1,-1
2001-2007,4,3,903289900,-1,-1
2008-2014,4,3,903289900,-1,-1
1994-2000,4,2,903300000,-0.252940401,-0.30926277
2001-2007,4,2,903300000,0.039412736,-0.463818433
2008-2014,4,2,903300000,-0.057450238,-0.133430748
1994-2000,3,2,940110000,-0.521304173,-0.454709276
2001-2007,3,2,940110000,-1,-1
2008-2014,3,2,940110000,-0.418996851,-0.247854211
1994-2000,4,4,940290000,-0.146701286,0.045165364
2001-2007,4,4,940290000,-0.096007833,-0.362949084
2008-2014,4,4,940290000,0.643659998,-0.220585541
1994-2000,6,1,950639000,0.61927737,-0.165303671
2001-2007,6,1,950639000,0.682368707,0.162072584
2008-2014,6,1,950639000,0.884504873,0.492481587
1994-2000,6,1,950730000,0.764545212,1
2001-2007,6,1,950730000,0.731890003,1
