"","names.best_clu.cluster.","best_clu.cluster"
"1","1",5
"2","2",5
"3","3",5
"4","4",5
"5","5",5
"6","6",5
"7","7",5
"8","8",5
"9","9",5
"10","10",5
"11","11",5
"12","12",5
"13","13",5
"14","14",5
"15","15",3
"16","16",3
"17","17",3
"18","18",3
"19","19",3
"20","20",3
"21","21",3
"22","22",3
"23","23",3
"24","24",3
"25","25",3
"26","26",3
"27","27",3
"28","28",3
"29","29",3
"30","30",3
"31","31",3
"32","32",3
"33","33",3
"34","34",3
"35","35",3
"36","36",5
"37","37",5
"38","38",5
"39","39",5
"40","40",5
"41","41",5
"42","42",5
"43","43",5
"44","44",5
"45","45",5
"46","46",5
"47","47",5
"48","48",5
"49","49",5
"50","50",4
"51","51",2
"52","52",2
"53","53",2
"54","54",1
"55","55",1
"56","56",1
"57","57",1
"58","58",1
"59","59",1
"60","60",1
"61","61",1
"62","62",1
"63","63",1
"64","64",1
"65","65",1
"66","66",1
"67","67",1
"68","68",1
"69","69",1
"70","70",1
"71","71",5
"72","72",5
"73","73",5
"74","74",5
"75","75",5
"76","76",5
"77","77",5
"78","78",3
"79","79",3
"80","80",3
"81","81",3
"82","82",3
"83","83",3
"84","84",3
"85","85",3
"86","86",3
"87","87",3
"88","88",3
"89","89",3
"90","90",3
"91","91",3
"92","92",5
"93","93",5
"94","94",5
"95","95",5
"96","96",5
"97","97",5
"98","98",5
"99","99",5
"100","100",5
"101","101",5
"102","102",5
"103","103",5
"104","104",5
"105","105",5
"106","106",3
"107","107",3
"108","108",3
"109","109",3
"110","110",3
"111","111",3
"112","112",3
"113","113",3
"114","114",3
"115","115",3
"116","116",3
"117","117",3
"118","118",3
"119","119",3
"120","120",3
"121","121",3
"122","122",3
"123","123",3
"124","124",3
"125","125",3
"126","126",3
"127","127",1
"128","128",1
"129","129",1
"130","130",1
"131","131",1
"132","132",1
"133","133",1
"134","134",2
"135","135",1
"136","136",2
"137","137",1
"138","138",2
"139","139",2
"140","140",1
"141","141",1
"142","142",1
"143","143",1
"144","144",1
"145","145",1
"146","146",1
"147","147",1
"148","148",2
"149","149",1
"150","150",1
"151","151",1
"152","152",1
"153","153",1
"154","154",1
"155","155",5
"156","156",5
"157","157",5
"158","158",5
"159","159",5
"160","160",5
"161","161",5
"162","162",3
"163","163",3
"164","164",3
"165","165",3
"166","166",3
"167","167",5
"168","168",5
"169","169",5
"170","170",5
"171","171",5
"172","172",5
"173","173",5
"174","174",5
"175","175",5
"176","176",5
"177","177",5
"178","178",5
"179","179",5
"180","180",5
"181","181",3
"182","182",3
"183","183",3
"184","184",3
"185","185",3
"186","186",3
"187","187",3
"188","188",3
"189","189",3
"190","190",3
"191","191",3
"192","192",3
"193","193",3
"194","194",3
"195","195",3
"196","196",3
"197","197",3
"198","198",3
"199","199",3
"200","200",3
"201","201",3
"202","202",5
"203","203",5
"204","204",5
"205","205",5
"206","206",5
"207","207",5
"208","208",5
"209","209",5
"210","210",5
"211","211",5
"212","212",5
"213","213",5
"214","214",5
"215","215",5
"216","216",3
"217","217",3
"218","218",3
"219","219",3
"220","220",3
"221","221",3
"222","222",3
"223","223",3
"224","224",3
"225","225",3
"226","226",3
"227","227",3
"228","228",3
"229","229",3
"230","230",3
"231","231",3
"232","232",3
"233","233",3
"234","234",3
"235","235",3
"236","236",3
"237","237",3
"238","238",5
"239","239",2
"240","240",1
"241","241",1
"242","242",1
"243","243",1
"244","244",1
"245","245",2
"246","246",3
"247","247",3
"248","248",3
"249","249",3
"250","250",3
"251","251",3
"252","252",3
"253","253",3
"254","254",3
"255","255",3
"256","256",2
"257","257",2
"258","258",2
"259","259",2
"260","260",2
"261","261",2
"262","262",1
"263","263",3
"264","264",3
"265","265",3
"266","266",3
"267","267",3
"268","268",3
"269","269",3
"270","270",5
"271","271",5
"272","272",5
"273","273",5
"274","274",5
"275","275",5
"276","276",5
"277","277",5
"278","278",5
"279","279",5
"280","280",5
"281","281",5
"282","282",5
"283","283",5
"284","284",3
"285","285",3
"286","286",4
"287","287",4
"288","288",4
"289","289",4
"290","290",4
"291","291",4
"292","292",4
"293","293",4
"294","294",4
"295","295",2
"296","296",2
"297","297",2
"298","298",2
"299","299",2
"300","300",3
"301","301",3
"302","302",3
"303","303",3
"304","304",3
"305","305",3
"306","306",3
"307","307",5
"308","308",5
"309","309",5
"310","310",5
"311","311",5
"312","312",5
"313","313",5
"314","314",5
"315","315",5
"316","316",5
"317","317",5
"318","318",5
"319","319",5
"320","320",5
"321","321",5
"322","322",5
"323","323",5
"324","324",5
"325","325",5
"326","326",5
"327","327",5
"328","328",5
"329","329",5
"330","330",5
"331","331",5
"332","332",5
"333","333",5
"334","334",5
"335","335",3
"336","336",3
"337","337",3
"338","338",3
"339","339",3
"340","340",3
"341","341",3
"342","342",3
"343","343",3
"344","344",3
"345","345",3
"346","346",3
"347","347",3
"348","348",3
"349","349",5
"350","350",5
"351","351",5
"352","352",5
"353","353",5
"354","354",5
"355","355",5
"356","356",5
"357","357",5
"358","358",5
"359","359",5
"360","360",5
"361","361",5
"362","362",5
"363","363",5
"364","364",5
"365","365",5
"366","366",5
"367","367",5
"368","368",5
"369","369",5
"370","370",5
"371","371",5
"372","372",5
"373","373",5
"374","374",5
"375","375",3
"376","376",3
"377","377",3
"378","378",3
"379","379",3
"380","380",3
"381","381",3
"382","382",3
"383","383",3
"384","384",3
"385","385",3
"386","386",3
"387","387",3
"388","388",3
"389","389",5
"390","390",5
"391","391",5
"392","392",5
"393","393",5
"394","394",5
"395","395",5
"396","396",5
"397","397",5
"398","398",5
"399","399",5
"400","400",5
"401","401",5
"402","402",5
"403","403",3
"404","404",3
"405","405",3
"406","406",3
"407","407",3
"408","408",3
"409","409",3
"410","410",3
"411","411",3
"412","412",3
"413","413",3
"414","414",3
"415","415",3
"416","416",3
"417","417",3
"418","418",3
"419","419",3
"420","420",3
"421","421",3
"422","422",3
"423","423",3
"424","424",2
"425","425",2
"426","426",2
"427","427",2
"428","428",2
"429","429",2
"430","430",2
"431","431",5
"432","432",5
"433","433",5
"434","434",5
"435","435",5
"436","436",5
"437","437",5
"438","438",5
"439","439",5
"440","440",5
"441","441",5
"442","442",5
"443","443",5
"444","444",5
"445","445",3
"446","446",3
"447","447",3
"448","448",3
"449","449",3
"450","450",3
"451","451",3
"452","452",3
"453","453",3
"454","454",3
"455","455",3
"456","456",3
"457","457",3
"458","458",3
"459","459",3
"460","460",3
"461","461",3
"462","462",3
"463","463",3
"464","464",3
"465","465",3
"466","466",5
"467","467",5
"468","468",5
"469","469",5
"470","470",5
"471","471",5
"472","472",5
"473","473",5
"474","474",5
"475","475",5
"476","476",5
"477","477",5
"478","478",5
"479","479",5
"480","480",5
"481","481",5
"482","482",5
"483","483",5
"484","484",5
"485","485",5
"486","486",5
"487","487",5
"488","488",5
"489","489",5
"490","490",5
"491","491",5
"492","492",5
"493","493",5
"494","494",5
"495","495",5
"496","496",5
"497","497",5
"498","498",5
"499","499",5
"500","500",5
"501","501",5
"502","502",5
"503","503",5
"504","504",5
"505","505",5
"506","506",5
"507","507",5
"508","508",5
"509","509",5
"510","510",5
"511","511",5
"512","512",5
"513","513",5
"514","514",5
"515","515",3
"516","516",3
"517","517",3
"518","518",3
"519","519",3
"520","520",3
"521","521",3
"522","522",3
"523","523",3
"524","524",3
"525","525",3
"526","526",3
"527","527",3
"528","528",3
"529","529",3
"530","530",3
"531","531",3
"532","532",3
"533","533",3
"534","534",3
"535","535",3
"536","536",3
"537","537",3
"538","538",3
"539","539",3
"540","540",3
"541","541",3
"542","542",3
"543","543",3
"544","544",3
"545","545",3
"546","546",3
"547","547",3
"548","548",3
"549","549",3
"550","550",5
"551","551",5
"552","552",5
"553","553",5
"554","554",5
"555","555",5
"556","556",5
"557","557",5
"558","558",5
"559","559",5
"560","560",5
"561","561",5
"562","562",5
"563","563",5
"564","564",5
"565","565",5
"566","566",5
"567","567",5
"568","568",5
"569","569",5
"570","570",5
"571","571",3
"572","572",3
"573","573",3
"574","574",3
"575","575",3
"576","576",3
"577","577",3
"578","578",3
"579","579",3
"580","580",3
"581","581",3
"582","582",3
"583","583",3
"584","584",3
"585","585",3
"586","586",4
"587","587",3
"588","588",3
"589","589",3
"590","590",4
"591","591",4
"592","592",3
"593","593",3
"594","594",3
"595","595",3
"596","596",3
"597","597",3
"598","598",3
"599","599",5
"600","600",5
"601","601",5
"602","602",5
"603","603",5
"604","604",5
"605","605",5
"606","606",5
"607","607",5
"608","608",5
"609","609",5
"610","610",5
"611","611",5
"612","612",5
"613","613",5
"614","614",5
"615","615",5
"616","616",5
"617","617",5
"618","618",5
"619","619",5
"620","620",5
"621","621",5
"622","622",5
"623","623",5
"624","624",5
"625","625",5
"626","626",5
"627","627",5
"628","628",5
"629","629",5
"630","630",5
"631","631",5
"632","632",5
"633","633",5
"634","634",5
"635","635",5
"636","636",5
"637","637",5
"638","638",5
"639","639",5
"640","640",5
"641","641",3
"642","642",3
"643","643",3
"644","644",3
"645","645",3
"646","646",3
"647","647",3
"648","648",3
"649","649",3
"650","650",3
"651","651",3
"652","652",3
"653","653",3
"654","654",3
"655","655",1
"656","656",1
"657","657",1
"658","658",1
"659","659",1
"660","660",1
"661","661",1
"662","662",4
"663","663",4
"664","664",4
"665","665",4
"666","666",4
"667","667",2
"668","668",4
"669","669",4
"670","670",4
"671","671",4
"672","672",4
"673","673",2
"674","674",2
"675","675",2
"676","676",4
"677","677",2
"678","678",2
"679","679",2
"680","680",2
"681","681",2
"682","682",2
"683","683",4
"684","684",4
"685","685",4
"686","686",4
"687","687",4
"688","688",4
"689","689",2
"690","690",2
"691","691",2
"692","692",2
"693","693",2
"694","694",2
"695","695",2
"696","696",2
"697","697",3
"698","698",3
"699","699",3
"700","700",3
"701","701",3
"702","702",3
"703","703",3
"704","704",5
"705","705",5
"706","706",5
"707","707",5
"708","708",5
"709","709",5
"710","710",5
"711","711",5
"712","712",5
"713","713",5
"714","714",5
"715","715",5
"716","716",5
"717","717",5
"718","718",3
"719","719",3
"720","720",3
"721","721",3
"722","722",3
"723","723",3
"724","724",3
"725","725",5
"726","726",5
"727","727",5
"728","728",5
"729","729",5
"730","730",5
"731","731",5
"732","732",5
"733","733",5
"734","734",5
"735","735",5
"736","736",5
"737","737",5
"738","738",5
"739","739",5
"740","740",5
"741","741",5
"742","742",5
"743","743",5
"744","744",5
"745","745",5
"746","746",5
"747","747",5
"748","748",5
"749","749",5
"750","750",5
"751","751",5
"752","752",5
"753","753",5
"754","754",5
"755","755",3
"756","756",3
"757","757",3
"758","758",3
"759","759",3
"760","760",3
"761","761",3
"762","762",3
"763","763",3
"764","764",3
"765","765",3
"766","766",3
"767","767",3
"768","768",3
"769","769",1
"770","770",1
"771","771",1
"772","772",1
"773","773",1
"774","774",1
"775","775",1
"776","776",1
"777","777",2
"778","778",2
"779","779",1
"780","780",2
"781","781",1
"782","782",1
"783","783",2
"784","784",2
"785","785",1
"786","786",1
"787","787",1
"788","788",1
"789","789",1
"790","790",5
"791","791",5
"792","792",5
"793","793",5
"794","794",5
"795","795",5
"796","796",5
"797","797",3
"798","798",3
"799","799",3
"800","800",3
"801","801",3
"802","802",3
"803","803",3
"804","804",3
"805","805",3
"806","806",3
"807","807",3
"808","808",3
"809","809",3
"810","810",3
"811","811",3
"812","812",3
"813","813",3
"814","814",3
"815","815",3
"816","816",3
"817","817",3
"818","818",5
"819","819",5
"820","820",5
"821","821",5
"822","822",5
"823","823",5
"824","824",5
"825","825",5
"826","826",5
"827","827",5
"828","828",5
"829","829",5
"830","830",5
"831","831",5
"832","832",5
"833","833",5
"834","834",5
"835","835",5
"836","836",5
"837","837",3
"838","838",3
"839","839",3
"840","840",3
"841","841",3
"842","842",3
"843","843",3
"844","844",3
"845","845",3
"846","846",3
"847","847",5
"848","848",5
"849","849",5
"850","850",5
"851","851",5
"852","852",5
"853","853",5
"854","854",3
"855","855",3
"856","856",3
"857","857",3
"858","858",3
"859","859",3
"860","860",3
"861","861",3
"862","862",3
"863","863",3
"864","864",3
"865","865",3
"866","866",3
"867","867",3
"868","868",3
"869","869",3
"870","870",4
"871","871",1
"872","872",1
"873","873",1
"874","874",1
"875","875",4
"876","876",4
"877","877",4
"878","878",4
"879","879",4
"880","880",4
"881","881",2
"882","882",2
"883","883",2
"884","884",2
"885","885",2
"886","886",1
"887","887",2
"888","888",1
"889","889",5
"890","890",5
"891","891",5
"892","892",5
"893","893",5
"894","894",5
"895","895",5
"896","896",3
"897","897",3
"898","898",3
"899","899",3
"900","900",3
"901","901",3
"902","902",3
"903","903",3
"904","904",3
"905","905",3
"906","906",3
"907","907",3
"908","908",3
"909","909",3
"910","910",3
"911","911",2
"912","912",1
"913","913",2
"914","914",2
"915","915",1
"916","916",5
"917","917",5
"918","918",3
"919","919",4
"920","920",3
"921","921",3
"922","922",3
"923","923",3
"924","924",2
"925","925",5
"926","926",5
"927","927",5
"928","928",5
"929","929",5
"930","930",5
"931","931",5
"932","932",3
"933","933",3
"934","934",3
"935","935",3
"936","936",3
"937","937",3
"938","938",3
"939","939",3
"940","940",3
"941","941",3
"942","942",3
"943","943",3
"944","944",3
"945","945",3
"946","946",5
"947","947",5
"948","948",5
"949","949",5
"950","950",5
"951","951",5
"952","952",5
"953","953",3
"954","954",3
"955","955",3
"956","956",3
"957","957",3
"958","958",3
"959","959",3
"960","960",3
"961","961",3
"962","962",3
"963","963",3
"964","964",3
"965","965",3
"966","966",3
"967","967",5
"968","968",5
"969","969",5
"970","970",5
"971","971",4
"972","972",3
"973","973",2
"974","974",3
"975","975",4
"976","976",4
"977","977",4
"978","978",4
"979","979",4
"980","980",4
"981","981",4
"982","982",4
"983","983",4
"984","984",4
"985","985",4
"986","986",3
"987","987",4
"988","988",4
"989","989",4
"990","990",4
"991","991",3
"992","992",5
"993","993",5
"994","994",5
"995","995",5
"996","996",5
"997","997",5
"998","998",5
"999","999",5
"1000","1000",5
"1001","1001",5
"1002","1002",5
"1003","1003",5
"1004","1004",5
"1005","1005",5
"1006","1006",5
"1007","1007",5
"1008","1008",5
"1009","1009",5
"1010","1010",5
"1011","1011",5
"1012","1012",5
"1013","1013",3
"1014","1014",3
"1015","1015",3
"1016","1016",3
"1017","1017",3
"1018","1018",3
"1019","1019",3
"1020","1020",3
"1021","1021",3
"1022","1022",3
"1023","1023",3
"1024","1024",3
"1025","1025",3
"1026","1026",3
"1027","1027",3
"1028","1028",3
"1029","1029",3
"1030","1030",3
"1031","1031",3
"1032","1032",3
"1033","1033",3
"1034","1034",5
"1035","1035",5
"1036","1036",5
"1037","1037",5
"1038","1038",5
"1039","1039",5
"1040","1040",5
"1041","1041",3
"1042","1042",3
"1043","1043",3
"1044","1044",3
"1045","1045",3
"1046","1046",3
"1047","1047",3
"1048","1048",3
"1049","1049",3
"1050","1050",3
"1051","1051",3
"1052","1052",3
"1053","1053",3
"1054","1054",3
"1055","1055",3
"1056","1056",3
"1057","1057",3
"1058","1058",3
"1059","1059",3
"1060","1060",3
"1061","1061",3
"1062","1062",3
"1063","1063",3
"1064","1064",3
"1065","1065",3
"1066","1066",3
"1067","1067",3
"1068","1068",3
"1069","1069",3
"1070","1070",3
"1071","1071",3
"1072","1072",3
"1073","1073",3
"1074","1074",4
"1075","1075",4
"1076","1076",4
"1077","1077",4
"1078","1078",4
"1079","1079",2
"1080","1080",2
"1081","1081",4
"1082","1082",3
"1083","1083",3
"1084","1084",4
"1085","1085",3
"1086","1086",3
"1087","1087",4
"1088","1088",3
"1089","1089",4
"1090","1090",4
"1091","1091",3
"1092","1092",3
"1093","1093",4
"1094","1094",3
"1095","1095",5
"1096","1096",5
"1097","1097",5
"1098","1098",3
"1099","1099",3
"1100","1100",3
"1101","1101",3
"1102","1102",3
"1103","1103",3
"1104","1104",3
"1105","1105",3
"1106","1106",3
"1107","1107",3
"1108","1108",3
"1109","1109",3
"1110","1110",3
"1111","1111",3
"1112","1112",3
"1113","1113",3
"1114","1114",4
"1115","1115",4
"1116","1116",3
"1117","1117",4
"1118","1118",3
"1119","1119",4
"1120","1120",3
"1121","1121",4
"1122","1122",3
"1123","1123",3
"1124","1124",4
"1125","1125",3
"1126","1126",4
"1127","1127",3
"1128","1128",4
"1129","1129",3
"1130","1130",4
"1131","1131",3
"1132","1132",4
"1133","1133",4
"1134","1134",3
"1135","1135",3
"1136","1136",4
"1137","1137",4
"1138","1138",4
"1139","1139",4
"1140","1140",3
"1141","1141",3
"1142","1142",4
"1143","1143",3
"1144","1144",4
"1145","1145",3
"1146","1146",4
"1147","1147",5
"1148","1148",5
"1149","1149",5
"1150","1150",5
"1151","1151",5
"1152","1152",5
"1153","1153",3
"1154","1154",3
"1155","1155",3
"1156","1156",3
"1157","1157",3
"1158","1158",3
"1159","1159",3
"1160","1160",3
"1161","1161",3
"1162","1162",3
"1163","1163",3
"1164","1164",3
"1165","1165",3
"1166","1166",3
"1167","1167",3
"1168","1168",3
"1169","1169",3
"1170","1170",3
"1171","1171",3
"1172","1172",3
"1173","1173",3
"1174","1174",4
"1175","1175",4
"1176","1176",4
"1177","1177",4
"1178","1178",4
"1179","1179",2
"1180","1180",4
"1181","1181",3
"1182","1182",4
"1183","1183",4
"1184","1184",3
"1185","1185",4
"1186","1186",4
"1187","1187",4
"1188","1188",4
"1189","1189",3
"1190","1190",4
"1191","1191",4
"1192","1192",4
"1193","1193",4
"1194","1194",4
"1195","1195",4
"1196","1196",3
"1197","1197",3
"1198","1198",4
"1199","1199",3
"1200","1200",3
"1201","1201",3
"1202","1202",4
"1203","1203",4
"1204","1204",4
"1205","1205",4
"1206","1206",4
"1207","1207",4
"1208","1208",4
"1209","1209",5
"1210","1210",5
"1211","1211",5
"1212","1212",5
"1213","1213",5
"1214","1214",5
"1215","1215",5
"1216","1216",3
"1217","1217",3
"1218","1218",3
"1219","1219",3
"1220","1220",3
"1221","1221",3
"1222","1222",3
"1223","1223",3
"1224","1224",3
"1225","1225",3
"1226","1226",3
"1227","1227",2
"1228","1228",2
"1229","1229",2
"1230","1230",2
"1231","1231",2
"1232","1232",2
"1233","1233",2
"1234","1234",3
"1235","1235",3
"1236","1236",4
"1237","1237",4
"1238","1238",4
"1239","1239",4
"1240","1240",2
"1241","1241",5
"1242","1242",5
"1243","1243",5
"1244","1244",5
"1245","1245",5
"1246","1246",5
"1247","1247",1
"1248","1248",1
"1249","1249",5
"1250","1250",5
"1251","1251",1
"1252","1252",2
"1253","1253",5
"1254","1254",2
"1255","1255",2
"1256","1256",2
"1257","1257",2
"1258","1258",2
"1259","1259",1
"1260","1260",1
"1261","1261",3
"1262","1262",3
"1263","1263",3
"1264","1264",3
"1265","1265",3
"1266","1266",3
"1267","1267",3
"1268","1268",5
"1269","1269",5
"1270","1270",5
"1271","1271",5
"1272","1272",5
"1273","1273",5
"1274","1274",5
"1275","1275",5
"1276","1276",5
"1277","1277",5
"1278","1278",5
"1279","1279",5
"1280","1280",5
"1281","1281",5
"1282","1282",5
"1283","1283",5
"1284","1284",5
"1285","1285",5
"1286","1286",5
"1287","1287",5
"1288","1288",5
"1289","1289",4
"1290","1290",4
"1291","1291",4
"1292","1292",4
"1293","1293",4
"1294","1294",4
"1295","1295",4
"1296","1296",3
"1297","1297",4
"1298","1298",4
"1299","1299",4
"1300","1300",4
"1301","1301",4
"1302","1302",4
"1303","1303",5
"1304","1304",5
"1305","1305",5
"1306","1306",5
"1307","1307",5
"1308","1308",5
"1309","1309",5
"1310","1310",3
"1311","1311",3
"1312","1312",3
"1313","1313",3
"1314","1314",3
"1315","1315",3
"1316","1316",3
"1317","1317",3
"1318","1318",3
"1319","1319",3
"1320","1320",3
"1321","1321",3
"1322","1322",3
"1323","1323",4
"1324","1324",4
"1325","1325",2
"1326","1326",2
"1327","1327",2
"1328","1328",2
"1329","1329",2
"1330","1330",3
"1331","1331",3
"1332","1332",3
"1333","1333",4
"1334","1334",4
"1335","1335",4
"1336","1336",4
"1337","1337",4
"1338","1338",4
"1339","1339",4
"1340","1340",4
"1341","1341",4
"1342","1342",4
"1343","1343",4
"1344","1344",4
"1345","1345",4
"1346","1346",4
"1347","1347",4
"1348","1348",4
"1349","1349",2
"1350","1350",4
"1351","1351",2
"1352","1352",3
"1353","1353",3
"1354","1354",3
"1355","1355",2
"1356","1356",2
"1357","1357",3
"1358","1358",5
"1359","1359",5
"1360","1360",5
"1361","1361",5
"1362","1362",5
"1363","1363",5
"1364","1364",5
"1365","1365",3
"1366","1366",3
"1367","1367",3
"1368","1368",3
"1369","1369",3
"1370","1370",3
"1371","1371",3
"1372","1372",3
"1373","1373",3
"1374","1374",3
"1375","1375",3
"1376","1376",3
"1377","1377",3
"1378","1378",3
"1379","1379",2
"1380","1380",2
"1381","1381",2
"1382","1382",2
"1383","1383",2
"1384","1384",2
"1385","1385",2
"1386","1386",2
"1387","1387",2
"1388","1388",2
"1389","1389",2
"1390","1390",2
"1391","1391",2
"1392","1392",1
"1393","1393",2
"1394","1394",2
"1395","1395",2
"1396","1396",2
"1397","1397",2
"1398","1398",2
"1399","1399",2
"1400","1400",4
"1401","1401",4
"1402","1402",4
"1403","1403",4
"1404","1404",4
"1405","1405",4
"1406","1406",4
"1407","1407",5
"1408","1408",5
"1409","1409",5
"1410","1410",5
"1411","1411",5
"1412","1412",5
"1413","1413",5
"1414","1414",5
"1415","1415",5
"1416","1416",5
"1417","1417",5
"1418","1418",5
"1419","1419",5
"1420","1420",5
"1421","1421",5
"1422","1422",5
"1423","1423",5
"1424","1424",5
"1425","1425",5
"1426","1426",5
"1427","1427",5
"1428","1428",3
"1429","1429",3
"1430","1430",3
"1431","1431",3
"1432","1432",3
"1433","1433",3
"1434","1434",3
"1435","1435",3
"1436","1436",3
"1437","1437",3
"1438","1438",3
"1439","1439",3
"1440","1440",3
"1441","1441",3
"1442","1442",3
"1443","1443",3
"1444","1444",3
"1445","1445",3
"1446","1446",3
"1447","1447",3
"1448","1448",3
"1449","1449",3
"1450","1450",3
"1451","1451",3
"1452","1452",3
"1453","1453",3
"1454","1454",3
"1455","1455",3
"1456","1456",5
"1457","1457",5
"1458","1458",5
"1459","1459",5
"1460","1460",5
"1461","1461",5
"1462","1462",5
"1463","1463",3
"1464","1464",3
"1465","1465",3
"1466","1466",3
"1467","1467",3
"1468","1468",3
"1469","1469",3
"1470","1470",3
"1471","1471",3
"1472","1472",3
"1473","1473",3
"1474","1474",3
"1475","1475",3
"1476","1476",3
"1477","1477",5
"1478","1478",5
"1479","1479",5
"1480","1480",5
"1481","1481",5
"1482","1482",5
"1483","1483",5
"1484","1484",3
"1485","1485",3
"1486","1486",3
"1487","1487",3
"1488","1488",3
"1489","1489",3
"1490","1490",3
"1491","1491",3
"1492","1492",3
"1493","1493",3
"1494","1494",3
"1495","1495",3
"1496","1496",3
"1497","1497",3
"1498","1498",5
"1499","1499",5
"1500","1500",5
"1501","1501",5
"1502","1502",5
"1503","1503",5
"1504","1504",5
"1505","1505",3
"1506","1506",3
"1507","1507",3
"1508","1508",3
"1509","1509",3
"1510","1510",3
"1511","1511",3
"1512","1512",3
"1513","1513",3
"1514","1514",3
"1515","1515",3
"1516","1516",3
"1517","1517",3
"1518","1518",3
"1519","1519",5
"1520","1520",5
"1521","1521",5
"1522","1522",5
"1523","1523",5
"1524","1524",5
"1525","1525",5
"1526","1526",5
"1527","1527",5
"1528","1528",5
"1529","1529",5
"1530","1530",5
"1531","1531",5
"1532","1532",5
"1533","1533",3
"1534","1534",3
"1535","1535",3
"1536","1536",3
"1537","1537",3
"1538","1538",3
"1539","1539",3
"1540","1540",3
"1541","1541",3
"1542","1542",3
"1543","1543",3
"1544","1544",3
"1545","1545",3
"1546","1546",3
"1547","1547",3
"1548","1548",3
"1549","1549",3
"1550","1550",3
"1551","1551",3
"1552","1552",3
"1553","1553",3
"1554","1554",3
"1555","1555",3
"1556","1556",3
"1557","1557",3
"1558","1558",3
"1559","1559",3
"1560","1560",3
"1561","1561",4
"1562","1562",4
"1563","1563",4
"1564","1564",4
"1565","1565",4
"1566","1566",2
"1567","1567",2
"1568","1568",1
"1569","1569",1
"1570","1570",1
"1571","1571",1
"1572","1572",1
"1573","1573",1
"1574","1574",1
"1575","1575",2
"1576","1576",1
"1577","1577",1
"1578","1578",5
"1579","1579",1
"1580","1580",5
"1581","1581",1
"1582","1582",5
"1583","1583",5
"1584","1584",5
"1585","1585",5
"1586","1586",5
"1587","1587",5
"1588","1588",5
"1589","1589",3
"1590","1590",3
"1591","1591",3
"1592","1592",3
"1593","1593",3
"1594","1594",3
"1595","1595",3
"1596","1596",3
"1597","1597",3
"1598","1598",3
"1599","1599",3
"1600","1600",4
"1601","1601",4
"1602","1602",4
"1603","1603",4
"1604","1604",4
"1605","1605",4
"1606","1606",4
"1607","1607",3
"1608","1608",3
"1609","1609",3
"1610","1610",1
"1611","1611",3
"1612","1612",3
"1613","1613",3
"1614","1614",3
"1615","1615",3
"1616","1616",3
"1617","1617",3
"1618","1618",2
"1619","1619",2
"1620","1620",2
"1621","1621",2
"1622","1622",2
"1623","1623",2
"1624","1624",2
"1625","1625",2
"1626","1626",2
"1627","1627",2
"1628","1628",2
"1629","1629",2
"1630","1630",2
"1631","1631",2
"1632","1632",3
"1633","1633",3
"1634","1634",4
"1635","1635",2
"1636","1636",1
"1637","1637",2
"1638","1638",1
"1639","1639",5
"1640","1640",5
"1641","1641",5
"1642","1642",5
"1643","1643",5
"1644","1644",5
"1645","1645",5
"1646","1646",3
"1647","1647",3
"1648","1648",3
"1649","1649",3
"1650","1650",3
"1651","1651",3
"1652","1652",3
"1653","1653",3
"1654","1654",3
"1655","1655",3
"1656","1656",3
"1657","1657",3
"1658","1658",3
"1659","1659",3
"1660","1660",1
"1661","1661",1
"1662","1662",1
"1663","1663",1
"1664","1664",1
"1665","1665",1
"1666","1666",1
"1667","1667",3
"1668","1668",3
"1669","1669",3
"1670","1670",3
"1671","1671",3
"1672","1672",3
"1673","1673",3
"1674","1674",5
"1675","1675",5
"1676","1676",5
"1677","1677",5
"1678","1678",5
"1679","1679",5
"1680","1680",5
"1681","1681",5
"1682","1682",5
"1683","1683",5
"1684","1684",5
"1685","1685",5
"1686","1686",5
"1687","1687",5
"1688","1688",5
"1689","1689",5
"1690","1690",5
"1691","1691",5
"1692","1692",5
"1693","1693",5
"1694","1694",5
"1695","1695",1
"1696","1696",1
"1697","1697",2
"1698","1698",2
"1699","1699",1
"1700","1700",2
"1701","1701",1
"1702","1702",5
"1703","1703",5
"1704","1704",5
"1705","1705",5
"1706","1706",5
"1707","1707",5
"1708","1708",5
"1709","1709",5
"1710","1710",5
"1711","1711",5
"1712","1712",5
"1713","1713",5
"1714","1714",5
"1715","1715",5
"1716","1716",5
"1717","1717",5
"1718","1718",5
"1719","1719",5
"1720","1720",5
"1721","1721",5
"1722","1722",5
"1723","1723",3
"1724","1724",3
"1725","1725",3
"1726","1726",3
"1727","1727",3
"1728","1728",3
"1729","1729",3
"1730","1730",3
"1731","1731",3
"1732","1732",3
"1733","1733",3
"1734","1734",3
"1735","1735",3
"1736","1736",3
"1737","1737",3
"1738","1738",3
"1739","1739",3
"1740","1740",3
"1741","1741",3
"1742","1742",3
"1743","1743",3
"1744","1744",1
"1745","1745",2
"1746","1746",2
"1747","1747",2
"1748","1748",1
"1749","1749",2
"1750","1750",2
"1751","1751",2
"1752","1752",2
"1753","1753",2
"1754","1754",2
"1755","1755",2
"1756","1756",2
"1757","1757",2
"1758","1758",2
"1759","1759",2
"1760","1760",2
"1761","1761",2
"1762","1762",2
"1763","1763",2
"1764","1764",2
"1765","1765",5
"1766","1766",5
"1767","1767",5
"1768","1768",5
"1769","1769",1
"1770","1770",1
"1771","1771",1
"1772","1772",3
"1773","1773",3
"1774","1774",3
"1775","1775",3
"1776","1776",3
"1777","1777",3
"1778","1778",3
"1779","1779",3
"1780","1780",3
"1781","1781",3
"1782","1782",3
"1783","1783",3
"1784","1784",4
"1785","1785",3
"1786","1786",4
"1787","1787",4
"1788","1788",4
"1789","1789",3
"1790","1790",4
"1791","1791",4
"1792","1792",3
"1793","1793",3
"1794","1794",4
"1795","1795",2
"1796","1796",2
"1797","1797",2
"1798","1798",1
"1799","1799",1
"1800","1800",1
"1801","1801",2
"1802","1802",2
"1803","1803",1
"1804","1804",1
"1805","1805",3
"1806","1806",3
"1807","1807",3
"1808","1808",3
"1809","1809",3
"1810","1810",3
"1811","1811",3
"1812","1812",5
"1813","1813",5
"1814","1814",5
"1815","1815",5
"1816","1816",5
"1817","1817",5
"1818","1818",5
"1819","1819",5
"1820","1820",5
"1821","1821",5
"1822","1822",5
"1823","1823",5
"1824","1824",5
"1825","1825",5
"1826","1826",1
"1827","1827",1
"1828","1828",2
"1829","1829",1
"1830","1830",1
"1831","1831",1
"1832","1832",1
"1833","1833",1
"1834","1834",1
"1835","1835",1
"1836","1836",1
"1837","1837",1
"1838","1838",1
"1839","1839",1
"1840","1840",5
"1841","1841",5
"1842","1842",5
"1843","1843",5
"1844","1844",5
"1845","1845",5
"1846","1846",5
"1847","1847",3
"1848","1848",3
"1849","1849",3
"1850","1850",3
"1851","1851",3
"1852","1852",3
"1853","1853",3
"1854","1854",5
"1855","1855",5
"1856","1856",5
"1857","1857",5
"1858","1858",5
"1859","1859",5
"1860","1860",5
"1861","1861",3
"1862","1862",3
"1863","1863",3
"1864","1864",3
"1865","1865",3
"1866","1866",3
"1867","1867",3
"1868","1868",3
"1869","1869",3
"1870","1870",3
"1871","1871",3
"1872","1872",3
"1873","1873",3
"1874","1874",3
"1875","1875",3
"1876","1876",3
"1877","1877",3
"1878","1878",3
"1879","1879",3
"1880","1880",3
"1881","1881",3
"1882","1882",3
"1883","1883",3
"1884","1884",3
"1885","1885",4
"1886","1886",3
"1887","1887",3
"1888","1888",3
"1889","1889",1
"1890","1890",1
"1891","1891",1
"1892","1892",1
"1893","1893",1
"1894","1894",1
"1895","1895",1
"1896","1896",5
"1897","1897",5
"1898","1898",5
"1899","1899",1
"1900","1900",1
"1901","1901",1
"1902","1902",1
"1903","1903",3
"1904","1904",3
"1905","1905",3
"1906","1906",3
"1907","1907",3
"1908","1908",3
"1909","1909",3
"1910","1910",3
"1911","1911",3
"1912","1912",3
"1913","1913",3
"1914","1914",3
"1915","1915",3
"1916","1916",5
"1917","1917",5
"1918","1918",5
"1919","1919",5
"1920","1920",5
"1921","1921",5
"1922","1922",5
"1923","1923",5
"1924","1924",5
"1925","1925",5
"1926","1926",5
"1927","1927",5
"1928","1928",5
"1929","1929",5
"1930","1930",5
"1931","1931",5
"1932","1932",5
"1933","1933",5
"1934","1934",5
"1935","1935",5
"1936","1936",5
"1937","1937",5
"1938","1938",5
"1939","1939",5
"1940","1940",5
"1941","1941",3
"1942","1942",3
"1943","1943",3
"1944","1944",3
"1945","1945",3
"1946","1946",3
"1947","1947",3
"1948","1948",3
"1949","1949",3
"1950","1950",3
"1951","1951",3
"1952","1952",3
"1953","1953",3
"1954","1954",3
"1955","1955",3
"1956","1956",3
"1957","1957",3
"1958","1958",3
"1959","1959",3
"1960","1960",3
"1961","1961",3
"1962","1962",5
"1963","1963",5
"1964","1964",5
"1965","1965",5
"1966","1966",5
"1967","1967",5
"1968","1968",5
"1969","1969",5
"1970","1970",5
"1971","1971",5
"1972","1972",5
"1973","1973",5
"1974","1974",5
"1975","1975",5
"1976","1976",5
"1977","1977",5
"1978","1978",5
"1979","1979",5
"1980","1980",5
"1981","1981",5
"1982","1982",5
"1983","1983",5
"1984","1984",5
"1985","1985",5
"1986","1986",5
"1987","1987",5
"1988","1988",5
"1989","1989",5
"1990","1990",5
"1991","1991",5
"1992","1992",5
"1993","1993",5
"1994","1994",5
"1995","1995",5
"1996","1996",3
"1997","1997",3
"1998","1998",3
"1999","1999",3
"2000","2000",3
"2001","2001",3
"2002","2002",3
"2003","2003",2
"2004","2004",2
"2005","2005",2
"2006","2006",2
"2007","2007",2
"2008","2008",2
"2009","2009",2
"2010","2010",1
"2011","2011",1
"2012","2012",1
"2013","2013",1
"2014","2014",1
"2015","2015",1
"2016","2016",1
"2017","2017",1
"2018","2018",1
"2019","2019",1
"2020","2020",1
"2021","2021",1
"2022","2022",1
"2023","2023",1
"2024","2024",1
"2025","2025",1
"2026","2026",1
"2027","2027",1
"2028","2028",1
"2029","2029",1
"2030","2030",1
"2031","2031",4
"2032","2032",4
"2033","2033",4
"2034","2034",4
"2035","2035",4
"2036","2036",4
"2037","2037",4
"2038","2038",2
"2039","2039",2
"2040","2040",4
"2041","2041",4
"2042","2042",2
"2043","2043",2
"2044","2044",2
"2045","2045",4
"2046","2046",4
"2047","2047",4
"2048","2048",4
"2049","2049",4
"2050","2050",4
"2051","2051",4
"2052","2052",4
"2053","2053",4
"2054","2054",4
"2055","2055",4
"2056","2056",4
"2057","2057",2
"2058","2058",5
"2059","2059",4
"2060","2060",4
"2061","2061",3
"2062","2062",4
"2063","2063",3
"2064","2064",3
"2065","2065",3
"2066","2066",2
"2067","2067",2
"2068","2068",2
"2069","2069",2
"2070","2070",2
"2071","2071",2
"2072","2072",2
"2073","2073",5
"2074","2074",5
"2075","2075",5
"2076","2076",5
"2077","2077",5
"2078","2078",5
"2079","2079",5
"2080","2080",3
"2081","2081",3
"2082","2082",3
"2083","2083",3
"2084","2084",3
"2085","2085",3
"2086","2086",3
"2087","2087",3
"2088","2088",3
"2089","2089",3
"2090","2090",3
"2091","2091",3
"2092","2092",3
"2093","2093",3
"2094","2094",2
"2095","2095",2
"2096","2096",2
"2097","2097",2
"2098","2098",2
"2099","2099",2
"2100","2100",2
"2101","2101",2
"2102","2102",2
"2103","2103",2
"2104","2104",2
"2105","2105",2
"2106","2106",2
"2107","2107",2
"2108","2108",2
"2109","2109",2
"2110","2110",2
"2111","2111",2
"2112","2112",2
"2113","2113",2
"2114","2114",2
"2115","2115",2
"2116","2116",4
"2117","2117",2
"2118","2118",2
"2119","2119",3
"2120","2120",4
"2121","2121",3
"2122","2122",4
"2123","2123",4
"2124","2124",4
"2125","2125",2
"2126","2126",2
"2127","2127",2
"2128","2128",2
"2129","2129",5
"2130","2130",5
"2131","2131",5
"2132","2132",5
"2133","2133",5
"2134","2134",5
"2135","2135",5
"2136","2136",3
"2137","2137",3
"2138","2138",3
"2139","2139",3
"2140","2140",3
"2141","2141",3
"2142","2142",3
"2143","2143",3
"2144","2144",3
"2145","2145",3
"2146","2146",3
"2147","2147",3
"2148","2148",3
"2149","2149",3
"2150","2150",4
"2151","2151",4
"2152","2152",4
"2153","2153",4
"2154","2154",2
"2155","2155",4
"2156","2156",2
"2157","2157",1
"2158","2158",1
"2159","2159",2
"2160","2160",2
"2161","2161",2
"2162","2162",2
"2163","2163",2
"2164","2164",2
"2165","2165",2
"2166","2166",2
"2167","2167",2
"2168","2168",2
"2169","2169",1
"2170","2170",1
"2171","2171",2
"2172","2172",2
"2173","2173",2
"2174","2174",2
"2175","2175",2
"2176","2176",2
"2177","2177",2
"2178","2178",2
"2179","2179",2
"2180","2180",2
"2181","2181",2
"2182","2182",2
"2183","2183",2
"2184","2184",2
"2185","2185",5
"2186","2186",5
"2187","2187",5
"2188","2188",5
"2189","2189",5
"2190","2190",5
"2191","2191",5
"2192","2192",5
"2193","2193",5
"2194","2194",5
"2195","2195",5
"2196","2196",5
"2197","2197",5
"2198","2198",5
"2199","2199",5
"2200","2200",5
"2201","2201",5
"2202","2202",5
"2203","2203",5
"2204","2204",5
"2205","2205",5
"2206","2206",3
"2207","2207",3
"2208","2208",3
"2209","2209",3
"2210","2210",3
"2211","2211",3
"2212","2212",3
"2213","2213",3
"2214","2214",3
"2215","2215",3
"2216","2216",3
"2217","2217",3
"2218","2218",3
"2219","2219",3
"2220","2220",5
"2221","2221",5
"2222","2222",5
"2223","2223",5
"2224","2224",5
"2225","2225",5
"2226","2226",5
"2227","2227",3
"2228","2228",3
"2229","2229",3
"2230","2230",3
"2231","2231",3
"2232","2232",3
"2233","2233",3
"2234","2234",3
"2235","2235",3
"2236","2236",3
"2237","2237",3
"2238","2238",3
"2239","2239",3
"2240","2240",3
"2241","2241",3
"2242","2242",3
"2243","2243",3
"2244","2244",3
"2245","2245",3
"2246","2246",3
"2247","2247",3
"2248","2248",4
"2249","2249",4
"2250","2250",4
"2251","2251",4
"2252","2252",2
"2253","2253",2
"2254","2254",2
"2255","2255",4
"2256","2256",4
"2257","2257",3
"2258","2258",3
"2259","2259",4
"2260","2260",4
"2261","2261",4
"2262","2262",1
"2263","2263",1
"2264","2264",1
"2265","2265",1
"2266","2266",1
"2267","2267",1
"2268","2268",1
"2269","2269",3
"2270","2270",3
"2271","2271",3
"2272","2272",3
"2273","2273",3
"2274","2274",3
"2275","2275",3
"2276","2276",5
"2277","2277",5
"2278","2278",5
"2279","2279",5
"2280","2280",5
"2281","2281",5
"2282","2282",5
"2283","2283",2
"2284","2284",4
"2285","2285",4
"2286","2286",4
"2287","2287",4
"2288","2288",4
"2289","2289",4
"2290","2290",5
"2291","2291",5
"2292","2292",5
"2293","2293",5
"2294","2294",5
"2295","2295",5
"2296","2296",5
"2297","2297",3
"2298","2298",3
"2299","2299",3
"2300","2300",3
"2301","2301",3
"2302","2302",3
"2303","2303",3
"2304","2304",3
"2305","2305",3
"2306","2306",3
"2307","2307",3
"2308","2308",3
"2309","2309",3
"2310","2310",3
"2311","2311",5
"2312","2312",5
"2313","2313",5
"2314","2314",4
"2315","2315",4
"2316","2316",3
"2317","2317",3
"2318","2318",4
"2319","2319",3
"2320","2320",3
"2321","2321",3
"2322","2322",3
"2323","2323",3
"2324","2324",3
"2325","2325",4
"2326","2326",4
"2327","2327",4
"2328","2328",4
"2329","2329",4
"2330","2330",4
"2331","2331",2
"2332","2332",4
"2333","2333",4
"2334","2334",4
"2335","2335",4
"2336","2336",4
"2337","2337",4
"2338","2338",2
"2339","2339",1
"2340","2340",1
"2341","2341",1
"2342","2342",1
"2343","2343",1
"2344","2344",1
"2345","2345",1
"2346","2346",5
"2347","2347",5
"2348","2348",5
"2349","2349",5
"2350","2350",5
"2351","2351",5
"2352","2352",5
"2353","2353",5
"2354","2354",5
"2355","2355",5
"2356","2356",5
"2357","2357",5
"2358","2358",5
"2359","2359",5
"2360","2360",5
"2361","2361",5
"2362","2362",5
"2363","2363",5
"2364","2364",5
"2365","2365",5
"2366","2366",5
"2367","2367",3
"2368","2368",3
"2369","2369",3
"2370","2370",3
"2371","2371",3
"2372","2372",3
"2373","2373",3
"2374","2374",3
"2375","2375",3
"2376","2376",3
"2377","2377",3
"2378","2378",3
"2379","2379",3
"2380","2380",3
"2381","2381",3
"2382","2382",3
"2383","2383",3
"2384","2384",3
"2385","2385",3
"2386","2386",3
"2387","2387",3
"2388","2388",3
"2389","2389",3
"2390","2390",3
"2391","2391",3
"2392","2392",5
"2393","2393",5
"2394","2394",5
"2395","2395",5
"2396","2396",5
"2397","2397",5
"2398","2398",5
"2399","2399",5
"2400","2400",5
"2401","2401",5
"2402","2402",5
"2403","2403",3
"2404","2404",3
"2405","2405",3
"2406","2406",3
"2407","2407",3
"2408","2408",3
"2409","2409",3
"2410","2410",3
"2411","2411",3
"2412","2412",3
"2413","2413",3
"2414","2414",3
"2415","2415",3
"2416","2416",3
"2417","2417",3
"2418","2418",3
"2419","2419",3
"2420","2420",3
"2421","2421",5
"2422","2422",5
"2423","2423",5
"2424","2424",5
"2425","2425",5
"2426","2426",5
"2427","2427",5
"2428","2428",5
"2429","2429",5
"2430","2430",5
"2431","2431",5
"2432","2432",5
"2433","2433",5
"2434","2434",5
"2435","2435",3
"2436","2436",3
"2437","2437",3
"2438","2438",3
"2439","2439",3
"2440","2440",3
"2441","2441",3
"2442","2442",3
"2443","2443",3
"2444","2444",3
"2445","2445",3
"2446","2446",3
"2447","2447",3
"2448","2448",3
"2449","2449",3
"2450","2450",3
"2451","2451",3
"2452","2452",3
"2453","2453",3
"2454","2454",3
"2455","2455",3
"2456","2456",2
"2457","2457",1
"2458","2458",2
"2459","2459",2
"2460","2460",2
"2461","2461",4
"2462","2462",2
"2463","2463",4
"2464","2464",4
"2465","2465",4
"2466","2466",4
"2467","2467",4
"2468","2468",2
"2469","2469",2
"2470","2470",1
"2471","2471",1
"2472","2472",1
"2473","2473",1
"2474","2474",1
"2475","2475",5
"2476","2476",1
"2477","2477",4
"2478","2478",2
"2479","2479",4
"2480","2480",4
"2481","2481",4
"2482","2482",2
"2483","2483",2
"2484","2484",4
"2485","2485",4
"2486","2486",4
"2487","2487",2
"2488","2488",2
"2489","2489",2
"2490","2490",2
"2491","2491",5
"2492","2492",5
"2493","2493",5
"2494","2494",5
"2495","2495",5
"2496","2496",5
"2497","2497",5
"2498","2498",5
"2499","2499",5
"2500","2500",5
"2501","2501",5
"2502","2502",5
"2503","2503",5
"2504","2504",5
"2505","2505",3
"2506","2506",3
"2507","2507",3
"2508","2508",3
"2509","2509",3
"2510","2510",3
"2511","2511",3
"2512","2512",3
"2513","2513",3
"2514","2514",3
"2515","2515",3
"2516","2516",3
"2517","2517",3
"2518","2518",3
"2519","2519",3
"2520","2520",3
"2521","2521",3
"2522","2522",3
"2523","2523",3
"2524","2524",3
"2525","2525",3
"2526","2526",5
"2527","2527",5
"2528","2528",1
"2529","2529",1
"2530","2530",5
"2531","2531",1
"2532","2532",1
"2533","2533",1
"2534","2534",5
"2535","2535",4
"2536","2536",5
"2537","2537",2
"2538","2538",4
"2539","2539",2
"2540","2540",2
"2541","2541",2
"2542","2542",4
"2543","2543",5
"2544","2544",5
"2545","2545",5
"2546","2546",5
"2547","2547",5
"2548","2548",5
"2549","2549",5
"2550","2550",5
"2551","2551",5
"2552","2552",5
"2553","2553",5
"2554","2554",5
"2555","2555",5
"2556","2556",5
"2557","2557",5
"2558","2558",2
"2559","2559",1
"2560","2560",1
"2561","2561",1
"2562","2562",1
"2563","2563",1
"2564","2564",1
"2565","2565",1
"2566","2566",5
"2567","2567",5
"2568","2568",5
"2569","2569",5
"2570","2570",5
"2571","2571",5
"2572","2572",5
"2573","2573",5
"2574","2574",5
"2575","2575",5
"2576","2576",5
"2577","2577",5
"2578","2578",5
"2579","2579",5
"2580","2580",3
"2581","2581",3
"2582","2582",3
"2583","2583",3
"2584","2584",3
"2585","2585",3
"2586","2586",3
"2587","2587",3
"2588","2588",3
"2589","2589",3
"2590","2590",3
"2591","2591",3
"2592","2592",3
"2593","2593",3
"2594","2594",4
"2595","2595",4
"2596","2596",4
"2597","2597",4
"2598","2598",4
"2599","2599",4
"2600","2600",4
"2601","2601",5
"2602","2602",5
"2603","2603",5
"2604","2604",5
"2605","2605",5
"2606","2606",5
"2607","2607",5
"2608","2608",5
"2609","2609",5
"2610","2610",5
"2611","2611",5
"2612","2612",5
"2613","2613",5
"2614","2614",5
"2615","2615",3
"2616","2616",3
"2617","2617",3
"2618","2618",3
"2619","2619",3
"2620","2620",3
"2621","2621",3
"2622","2622",3
"2623","2623",3
"2624","2624",3
"2625","2625",3
"2626","2626",3
"2627","2627",3
"2628","2628",3
"2629","2629",3
"2630","2630",3
"2631","2631",3
"2632","2632",3
"2633","2633",3
"2634","2634",3
"2635","2635",3
"2636","2636",2
"2637","2637",2
"2638","2638",2
"2639","2639",2
"2640","2640",1
"2641","2641",4
"2642","2642",4
"2643","2643",5
"2644","2644",5
"2645","2645",5
"2646","2646",5
"2647","2647",5
"2648","2648",5
"2649","2649",5
"2650","2650",3
"2651","2651",3
"2652","2652",3
"2653","2653",3
"2654","2654",3
"2655","2655",3
"2656","2656",3
"2657","2657",3
"2658","2658",3
"2659","2659",3
"2660","2660",3
"2661","2661",3
"2662","2662",3
"2663","2663",3
"2664","2664",3
"2665","2665",3
"2666","2666",2
"2667","2667",3
"2668","2668",3
"2669","2669",4
"2670","2670",3
"2671","2671",5
"2672","2672",3
"2673","2673",3
"2674","2674",3
"2675","2675",3
"2676","2676",3
"2677","2677",3
"2678","2678",3
"2679","2679",4
"2680","2680",3
"2681","2681",3
"2682","2682",3
"2683","2683",5
"2684","2684",1
"2685","2685",5
"2686","2686",5
"2687","2687",2
"2688","2688",2
"2689","2689",2
"2690","2690",1
"2691","2691",1
"2692","2692",1
"2693","2693",1
"2694","2694",1
"2695","2695",1
"2696","2696",5
"2697","2697",5
"2698","2698",5
"2699","2699",5
"2700","2700",5
"2701","2701",5
"2702","2702",5
"2703","2703",3
"2704","2704",3
"2705","2705",3
"2706","2706",3
"2707","2707",3
"2708","2708",3
"2709","2709",3
"2710","2710",3
"2711","2711",3
"2712","2712",3
"2713","2713",3
"2714","2714",3
"2715","2715",3
"2716","2716",3
"2717","2717",2
"2718","2718",2
"2719","2719",2
"2720","2720",2
"2721","2721",2
"2722","2722",2
"2723","2723",2
"2724","2724",4
"2725","2725",4
"2726","2726",3
"2727","2727",3
"2728","2728",4
"2729","2729",4
"2730","2730",4
"2731","2731",1
"2732","2732",2
"2733","2733",1
"2734","2734",1
"2735","2735",2
"2736","2736",1
"2737","2737",1
"2738","2738",3
"2739","2739",3
"2740","2740",3
"2741","2741",3
"2742","2742",3
"2743","2743",3
"2744","2744",3
"2745","2745",5
"2746","2746",5
"2747","2747",5
"2748","2748",5
"2749","2749",5
"2750","2750",5
"2751","2751",5
"2752","2752",5
"2753","2753",5
"2754","2754",5
"2755","2755",5
"2756","2756",5
"2757","2757",5
"2758","2758",5
"2759","2759",4
"2760","2760",4
"2761","2761",4
"2762","2762",4
"2763","2763",4
"2764","2764",4
"2765","2765",4
"2766","2766",4
"2767","2767",4
"2768","2768",4
"2769","2769",4
"2770","2770",4
"2771","2771",4
"2772","2772",4
"2773","2773",1
"2774","2774",1
"2775","2775",1
"2776","2776",1
"2777","2777",5
"2778","2778",5
"2779","2779",1
"2780","2780",2
"2781","2781",2
"2782","2782",1
"2783","2783",2
"2784","2784",2
"2785","2785",2
"2786","2786",1
"2787","2787",2
"2788","2788",4
"2789","2789",4
"2790","2790",2
"2791","2791",2
"2792","2792",2
"2793","2793",2
"2794","2794",1
"2795","2795",1
"2796","2796",1
"2797","2797",1
"2798","2798",1
"2799","2799",1
"2800","2800",1
"2801","2801",2
"2802","2802",5
"2803","2803",5
"2804","2804",5
"2805","2805",3
"2806","2806",5
"2807","2807",1
"2808","2808",2
"2809","2809",2
"2810","2810",2
"2811","2811",2
"2812","2812",1
"2813","2813",2
"2814","2814",5
"2815","2815",5
"2816","2816",5
"2817","2817",5
"2818","2818",5
"2819","2819",5
"2820","2820",5
"2821","2821",5
"2822","2822",5
"2823","2823",5
"2824","2824",5
"2825","2825",5
"2826","2826",5
"2827","2827",5
"2828","2828",3
"2829","2829",3
"2830","2830",3
"2831","2831",3
"2832","2832",3
"2833","2833",3
"2834","2834",3
"2835","2835",3
"2836","2836",3
"2837","2837",3
"2838","2838",3
"2839","2839",3
"2840","2840",3
"2841","2841",3
"2842","2842",2
"2843","2843",4
"2844","2844",2
"2845","2845",2
"2846","2846",2
"2847","2847",1
"2848","2848",1
"2849","2849",3
"2850","2850",3
"2851","2851",1
"2852","2852",3
"2853","2853",4
"2854","2854",3
"2855","2855",3
"2856","2856",1
"2857","2857",1
"2858","2858",1
"2859","2859",1
"2860","2860",1
"2861","2861",1
"2862","2862",1
"2863","2863",5
"2864","2864",5
"2865","2865",5
"2866","2866",5
"2867","2867",5
"2868","2868",5
"2869","2869",5
"2870","2870",5
"2871","2871",5
"2872","2872",5
"2873","2873",5
"2874","2874",5
"2875","2875",5
"2876","2876",5
"2877","2877",3
"2878","2878",3
"2879","2879",3
"2880","2880",3
"2881","2881",3
"2882","2882",3
"2883","2883",3
"2884","2884",3
"2885","2885",3
"2886","2886",3
"2887","2887",3
"2888","2888",3
"2889","2889",3
"2890","2890",3
"2891","2891",3
"2892","2892",3
"2893","2893",3
"2894","2894",3
"2895","2895",3
"2896","2896",3
"2897","2897",3
"2898","2898",3
"2899","2899",3
"2900","2900",3
"2901","2901",3
"2902","2902",3
"2903","2903",3
"2904","2904",3
"2905","2905",3
"2906","2906",3
"2907","2907",3
"2908","2908",3
"2909","2909",3
"2910","2910",3
"2911","2911",3
"2912","2912",4
"2913","2913",4
"2914","2914",2
"2915","2915",2
"2916","2916",2
"2917","2917",2
"2918","2918",2
"2919","2919",5
"2920","2920",5
"2921","2921",5
"2922","2922",5
"2923","2923",5
"2924","2924",5
"2925","2925",5
"2926","2926",5
"2927","2927",5
"2928","2928",5
"2929","2929",5
"2930","2930",5
"2931","2931",5
"2932","2932",5
"2933","2933",5
"2934","2934",5
"2935","2935",5
"2936","2936",5
"2937","2937",3
"2938","2938",3
"2939","2939",3
"2940","2940",3
"2941","2941",3
"2942","2942",3
"2943","2943",3
"2944","2944",3
"2945","2945",3
"2946","2946",3
"2947","2947",3
"2948","2948",3
"2949","2949",3
"2950","2950",3
"2951","2951",3
"2952","2952",3
"2953","2953",3
"2954","2954",3
"2955","2955",3
"2956","2956",3
"2957","2957",3
"2958","2958",3
"2959","2959",3
"2960","2960",3
"2961","2961",3
"2962","2962",3
"2963","2963",3
"2964","2964",3
"2965","2965",1
"2966","2966",1
"2967","2967",2
"2968","2968",2
"2969","2969",2
"2970","2970",2
"2971","2971",2
"2972","2972",3
"2973","2973",3
"2974","2974",3
"2975","2975",3
"2976","2976",3
"2977","2977",3
"2978","2978",3
"2979","2979",5
"2980","2980",5
"2981","2981",5
"2982","2982",5
"2983","2983",5
"2984","2984",5
"2985","2985",5
"2986","2986",5
"2987","2987",5
"2988","2988",3
"2989","2989",3
"2990","2990",3
"2991","2991",3
"2992","2992",3
"2993","2993",3
"2994","2994",3
"2995","2995",5
"2996","2996",5
"2997","2997",5
"2998","2998",5
"2999","2999",5
"3000","3000",5
"3001","3001",5
"3002","3002",5
"3003","3003",5
"3004","3004",5
"3005","3005",5
"3006","3006",5
"3007","3007",5
"3008","3008",5
"3009","3009",5
"3010","3010",5
"3011","3011",5
"3012","3012",5
"3013","3013",5
"3014","3014",5
"3015","3015",5
"3016","3016",5
"3017","3017",5
"3018","3018",5
"3019","3019",5
"3020","3020",5
"3021","3021",5
"3022","3022",5
"3023","3023",5
"3024","3024",5
"3025","3025",5
"3026","3026",5
"3027","3027",5
"3028","3028",5
"3029","3029",5
"3030","3030",5
"3031","3031",5
"3032","3032",5
"3033","3033",5
"3034","3034",5
"3035","3035",5
"3036","3036",3
"3037","3037",3
"3038","3038",3
"3039","3039",3
"3040","3040",3
"3041","3041",3
"3042","3042",3
"3043","3043",3
"3044","3044",3
"3045","3045",3
"3046","3046",3
"3047","3047",3
"3048","3048",3
"3049","3049",3
"3050","3050",5
"3051","3051",5
"3052","3052",5
"3053","3053",5
"3054","3054",5
"3055","3055",5
"3056","3056",5
"3057","3057",5
"3058","3058",5
"3059","3059",5
"3060","3060",5
"3061","3061",5
"3062","3062",5
"3063","3063",5
"3064","3064",3
"3065","3065",3
"3066","3066",3
"3067","3067",3
"3068","3068",3
"3069","3069",3
"3070","3070",3
"3071","3071",3
"3072","3072",3
"3073","3073",3
"3074","3074",3
"3075","3075",3
"3076","3076",3
"3077","3077",3
"3078","3078",5
"3079","3079",5
"3080","3080",5
"3081","3081",5
"3082","3082",5
"3083","3083",5
"3084","3084",5
"3085","3085",5
"3086","3086",5
"3087","3087",5
"3088","3088",5
"3089","3089",5
"3090","3090",5
"3091","3091",5
"3092","3092",5
"3093","3093",5
"3094","3094",5
"3095","3095",5
"3096","3096",5
"3097","3097",5
"3098","3098",5
"3099","3099",5
"3100","3100",5
"3101","3101",5
"3102","3102",5
"3103","3103",5
"3104","3104",5
"3105","3105",5
"3106","3106",5
"3107","3107",5
"3108","3108",5
"3109","3109",5
"3110","3110",5
"3111","3111",5
"3112","3112",5
"3113","3113",5
"3114","3114",5
"3115","3115",5
"3116","3116",5
"3117","3117",5
"3118","3118",5
"3119","3119",3
"3120","3120",3
"3121","3121",3
"3122","3122",3
"3123","3123",3
"3124","3124",3
"3125","3125",3
"3126","3126",3
"3127","3127",3
"3128","3128",3
"3129","3129",3
"3130","3130",3
"3131","3131",3
"3132","3132",3
"3133","3133",3
"3134","3134",3
"3135","3135",3
"3136","3136",3
"3137","3137",3
"3138","3138",3
"3139","3139",3
"3140","3140",3
"3141","3141",3
"3142","3142",3
"3143","3143",3
"3144","3144",3
"3145","3145",3
"3146","3146",3
"3147","3147",3
"3148","3148",3
"3149","3149",3
"3150","3150",3
"3151","3151",3
"3152","3152",3
"3153","3153",3
"3154","3154",3
"3155","3155",3
"3156","3156",3
"3157","3157",3
"3158","3158",3
"3159","3159",3
"3160","3160",3
"3161","3161",3
"3162","3162",3
"3163","3163",3
"3164","3164",3
"3165","3165",3
"3166","3166",3
"3167","3167",3
"3168","3168",1
"3169","3169",1
"3170","3170",1
"3171","3171",1
"3172","3172",1
"3173","3173",1
"3174","3174",1
"3175","3175",1
"3176","3176",1
"3177","3177",1
"3178","3178",1
"3179","3179",1
"3180","3180",1
"3181","3181",1
"3182","3182",1
"3183","3183",2
"3184","3184",1
"3185","3185",1
"3186","3186",1
"3187","3187",1
"3188","3188",1
"3189","3189",3
"3190","3190",3
"3191","3191",3
"3192","3192",3
"3193","3193",3
"3194","3194",3
"3195","3195",3
"3196","3196",5
"3197","3197",5
"3198","3198",5
"3199","3199",5
"3200","3200",5
"3201","3201",5
"3202","3202",5
"3203","3203",5
"3204","3204",1
"3205","3205",1
"3206","3206",2
"3207","3207",2
"3208","3208",5
"3209","3209",1
"3210","3210",1
"3211","3211",3
"3212","3212",3
"3213","3213",4
"3214","3214",4
"3215","3215",4
"3216","3216",4
"3217","3217",3
"3218","3218",5
"3219","3219",5
"3220","3220",5
"3221","3221",5
"3222","3222",1
"3223","3223",1
"3224","3224",1
"3225","3225",4
"3226","3226",4
"3227","3227",4
"3228","3228",4
"3229","3229",4
"3230","3230",4
"3231","3231",3
"3232","3232",3
"3233","3233",5
"3234","3234",5
"3235","3235",3
"3236","3236",5
"3237","3237",1
"3238","3238",1
"3239","3239",3
"3240","3240",3
"3241","3241",3
"3242","3242",3
"3243","3243",3
"3244","3244",4
"3245","3245",4
"3246","3246",3
"3247","3247",3
"3248","3248",3
"3249","3249",3
"3250","3250",3
"3251","3251",3
"3252","3252",3
"3253","3253",5
"3254","3254",5
"3255","3255",5
"3256","3256",5
"3257","3257",5
"3258","3258",5
"3259","3259",5
"3260","3260",5
"3261","3261",5
"3262","3262",5
"3263","3263",5
"3264","3264",5
"3265","3265",5
"3266","3266",5
"3267","3267",5
"3268","3268",5
"3269","3269",5
"3270","3270",5
"3271","3271",5
"3272","3272",5
"3273","3273",5
"3274","3274",5
"3275","3275",5
"3276","3276",5
"3277","3277",5
"3278","3278",5
"3279","3279",5
"3280","3280",5
"3281","3281",5
"3282","3282",5
"3283","3283",5
"3284","3284",5
"3285","3285",5
"3286","3286",5
"3287","3287",5
"3288","3288",3
"3289","3289",3
"3290","3290",3
"3291","3291",3
"3292","3292",3
"3293","3293",3
"3294","3294",3
"3295","3295",3
"3296","3296",3
"3297","3297",3
"3298","3298",3
"3299","3299",3
"3300","3300",3
"3301","3301",3
"3302","3302",1
"3303","3303",1
"3304","3304",1
"3305","3305",1
"3306","3306",1
"3307","3307",1
"3308","3308",1
"3309","3309",4
"3310","3310",4
"3311","3311",4
"3312","3312",3
"3313","3313",4
"3314","3314",4
"3315","3315",4
"3316","3316",4
"3317","3317",3
"3318","3318",4
"3319","3319",4
"3320","3320",4
"3321","3321",4
"3322","3322",4
"3323","3323",3
"3324","3324",3
"3325","3325",3
"3326","3326",3
"3327","3327",3
"3328","3328",3
"3329","3329",3
"3330","3330",5
"3331","3331",5
"3332","3332",5
"3333","3333",5
"3334","3334",5
"3335","3335",5
"3336","3336",5
"3337","3337",5
"3338","3338",5
"3339","3339",5
"3340","3340",5
"3341","3341",5
"3342","3342",5
"3343","3343",5
"3344","3344",5
"3345","3345",5
"3346","3346",5
"3347","3347",5
"3348","3348",5
"3349","3349",5
"3350","3350",5
"3351","3351",3
"3352","3352",3
"3353","3353",3
"3354","3354",3
"3355","3355",3
"3356","3356",3
"3357","3357",3
"3358","3358",3
"3359","3359",3
"3360","3360",3
"3361","3361",3
"3362","3362",3
"3363","3363",3
"3364","3364",3
"3365","3365",3
"3366","3366",3
"3367","3367",3
"3368","3368",3
"3369","3369",3
"3370","3370",3
"3371","3371",3
"3372","3372",5
"3373","3373",5
"3374","3374",5
"3375","3375",5
"3376","3376",5
"3377","3377",5
"3378","3378",5
"3379","3379",5
"3380","3380",5
"3381","3381",5
"3382","3382",5
"3383","3383",5
"3384","3384",5
"3385","3385",5
"3386","3386",3
"3387","3387",3
"3388","3388",3
"3389","3389",3
"3390","3390",3
"3391","3391",3
"3392","3392",3
"3393","3393",3
"3394","3394",3
"3395","3395",3
"3396","3396",3
"3397","3397",3
"3398","3398",3
"3399","3399",3
"3400","3400",3
"3401","3401",3
"3402","3402",3
"3403","3403",3
"3404","3404",3
"3405","3405",3
"3406","3406",3
"3407","3407",2
"3408","3408",2
"3409","3409",2
"3410","3410",2
"3411","3411",2
"3412","3412",2
"3413","3413",2
"3414","3414",4
"3415","3415",4
"3416","3416",4
"3417","3417",4
"3418","3418",4
"3419","3419",4
"3420","3420",4
"3421","3421",1
"3422","3422",1
"3423","3423",1
"3424","3424",2
"3425","3425",2
"3426","3426",2
"3427","3427",2
"3428","3428",2
"3429","3429",2
"3430","3430",2
"3431","3431",2
"3432","3432",2
"3433","3433",2
"3434","3434",2
"3435","3435",4
"3436","3436",4
"3437","3437",4
"3438","3438",3
"3439","3439",4
"3440","3440",4
"3441","3441",4
"3442","3442",5
"3443","3443",5
"3444","3444",5
"3445","3445",5
"3446","3446",5
"3447","3447",5
"3448","3448",5
"3449","3449",5
"3450","3450",5
"3451","3451",5
"3452","3452",5
"3453","3453",5
"3454","3454",5
"3455","3455",5
"3456","3456",5
"3457","3457",5
"3458","3458",5
"3459","3459",5
"3460","3460",5
"3461","3461",5
"3462","3462",5
"3463","3463",3
"3464","3464",3
"3465","3465",3
"3466","3466",3
"3467","3467",3
"3468","3468",3
"3469","3469",3
"3470","3470",3
"3471","3471",3
"3472","3472",3
"3473","3473",3
"3474","3474",3
"3475","3475",3
"3476","3476",3
"3477","3477",3
"3478","3478",3
"3479","3479",3
"3480","3480",3
"3481","3481",3
"3482","3482",3
"3483","3483",3
"3484","3484",3
"3485","3485",3
"3486","3486",3
"3487","3487",3
"3488","3488",3
"3489","3489",3
"3490","3490",3
"3491","3491",5
"3492","3492",5
"3493","3493",5
"3494","3494",5
"3495","3495",5
"3496","3496",5
"3497","3497",5
"3498","3498",5
"3499","3499",5
"3500","3500",5
"3501","3501",5
"3502","3502",5
"3503","3503",5
"3504","3504",5
"3505","3505",3
"3506","3506",3
"3507","3507",3
"3508","3508",3
"3509","3509",3
"3510","3510",3
"3511","3511",3
"3512","3512",3
"3513","3513",3
"3514","3514",3
"3515","3515",3
"3516","3516",3
"3517","3517",3
"3518","3518",3
"3519","3519",4
"3520","3520",4
"3521","3521",3
"3522","3522",3
"3523","3523",4
"3524","3524",3
"3525","3525",4
"3526","3526",4
"3527","3527",2
"3528","3528",2
"3529","3529",1
"3530","3530",1
"3531","3531",1
"3532","3532",5
"3533","3533",5
"3534","3534",5
"3535","3535",5
"3536","3536",5
"3537","3537",5
"3538","3538",5
"3539","3539",5
"3540","3540",5
"3541","3541",5
"3542","3542",5
"3543","3543",5
"3544","3544",5
"3545","3545",5
"3546","3546",5
"3547","3547",3
"3548","3548",3
"3549","3549",3
"3550","3550",3
"3551","3551",3
"3552","3552",3
"3553","3553",3
"3554","3554",3
"3555","3555",3
"3556","3556",3
"3557","3557",3
"3558","3558",3
"3559","3559",3
"3560","3560",3
"3561","3561",3
"3562","3562",3
"3563","3563",3
"3564","3564",3
"3565","3565",3
"3566","3566",3
"3567","3567",3
"3568","3568",3
"3569","3569",3
"3570","3570",3
"3571","3571",3
"3572","3572",4
"3573","3573",5
"3574","3574",2
"3575","3575",5
"3576","3576",2
"3577","3577",1
"3578","3578",1
"3579","3579",1
"3580","3580",1
"3581","3581",1
"3582","3582",1
"3583","3583",1
"3584","3584",1
"3585","3585",1
"3586","3586",1
"3587","3587",1
"3588","3588",1
"3589","3589",1
"3590","3590",1
"3591","3591",4
"3592","3592",2
"3593","3593",4
"3594","3594",4
"3595","3595",4
"3596","3596",2
"3597","3597",2
"3598","3598",4
"3599","3599",3
"3600","3600",4
"3601","3601",3
"3602","3602",4
"3603","3603",4
"3604","3604",4
"3605","3605",5
"3606","3606",5
"3607","3607",5
"3608","3608",5
"3609","3609",5
"3610","3610",5
"3611","3611",5
"3612","3612",5
"3613","3613",5
"3614","3614",5
"3615","3615",5
"3616","3616",5
"3617","3617",5
"3618","3618",5
"3619","3619",5
"3620","3620",5
"3621","3621",5
"3622","3622",5
"3623","3623",5
"3624","3624",5
"3625","3625",5
"3626","3626",5
"3627","3627",5
"3628","3628",5
"3629","3629",3
"3630","3630",3
"3631","3631",3
"3632","3632",3
"3633","3633",3
"3634","3634",3
"3635","3635",3
"3636","3636",3
"3637","3637",3
"3638","3638",3
"3639","3639",3
"3640","3640",3
"3641","3641",3
"3642","3642",3
"3643","3643",3
"3644","3644",3
"3645","3645",3
"3646","3646",3
"3647","3647",3
"3648","3648",3
"3649","3649",3
"3650","3650",3
"3651","3651",4
"3652","3652",3
"3653","3653",3
"3654","3654",3
"3655","3655",3
"3656","3656",3
"3657","3657",3
"3658","3658",3
"3659","3659",4
"3660","3660",4
"3661","3661",3
"3662","3662",4
"3663","3663",3
"3664","3664",5
"3665","3665",5
"3666","3666",5
"3667","3667",5
"3668","3668",5
"3669","3669",5
"3670","3670",3
"3671","3671",3
"3672","3672",3
"3673","3673",3
"3674","3674",3
"3675","3675",3
"3676","3676",3
"3677","3677",5
"3678","3678",5
"3679","3679",5
"3680","3680",5
"3681","3681",5
"3682","3682",5
"3683","3683",5
"3684","3684",5
"3685","3685",5
"3686","3686",5
"3687","3687",5
"3688","3688",5
"3689","3689",5
"3690","3690",5
"3691","3691",5
"3692","3692",5
"3693","3693",5
"3694","3694",5
"3695","3695",5
"3696","3696",5
"3697","3697",5
"3698","3698",5
"3699","3699",5
"3700","3700",5
"3701","3701",5
"3702","3702",5
"3703","3703",5
"3704","3704",5
"3705","3705",5
"3706","3706",5
"3707","3707",5
"3708","3708",5
"3709","3709",5
"3710","3710",3
"3711","3711",3
"3712","3712",3
"3713","3713",3
"3714","3714",3
"3715","3715",3
"3716","3716",3
"3717","3717",3
"3718","3718",3
"3719","3719",3
"3720","3720",3
"3721","3721",3
"3722","3722",3
"3723","3723",3
"3724","3724",3
"3725","3725",3
"3726","3726",3
"3727","3727",3
"3728","3728",3
"3729","3729",3
"3730","3730",3
"3731","3731",4
"3732","3732",4
"3733","3733",4
"3734","3734",4
"3735","3735",4
"3736","3736",4
"3737","3737",2
"3738","3738",5
"3739","3739",5
"3740","3740",5
"3741","3741",5
"3742","3742",5
"3743","3743",5
"3744","3744",5
"3745","3745",5
"3746","3746",5
"3747","3747",5
"3748","3748",5
"3749","3749",5
"3750","3750",5
"3751","3751",5
"3752","3752",5
"3753","3753",5
"3754","3754",3
"3755","3755",3
"3756","3756",3
"3757","3757",3
"3758","3758",3
"3759","3759",3
"3760","3760",3
"3761","3761",3
"3762","3762",3
"3763","3763",3
"3764","3764",3
"3765","3765",3
"3766","3766",3
"3767","3767",3
"3768","3768",3
"3769","3769",3
"3770","3770",3
"3771","3771",3
"3772","3772",3
"3773","3773",3
"3774","3774",3
"3775","3775",3
"3776","3776",3
"3777","3777",3
"3778","3778",3
"3779","3779",3
"3780","3780",3
"3781","3781",3
"3782","3782",3
"3783","3783",3
"3784","3784",3
"3785","3785",3
"3786","3786",3
"3787","3787",3
"3788","3788",3
"3789","3789",2
"3790","3790",2
"3791","3791",5
"3792","3792",2
"3793","3793",2
"3794","3794",4
"3795","3795",4
"3796","3796",2
"3797","3797",4
"3798","3798",5
"3799","3799",4
"3800","3800",3
"3801","3801",3
"3802","3802",1
"3803","3803",1
"3804","3804",5
"3805","3805",1
"3806","3806",1
"3807","3807",1
"3808","3808",1
"3809","3809",1
"3810","3810",5
"3811","3811",5
"3812","3812",5
"3813","3813",5
"3814","3814",5
"3815","3815",5
"3816","3816",5
