,year,tech,type,HS,diff_ratio,average_ratio
1,1994-2000,6,1,381800010,1,1
2,2001-2007,6,1,381800010,1,1
3,2008-2014,6,1,381800010,1,1
4,1994-2000,6,1,381800020,1,1
5,2001-2007,6,1,381800020,1,1
6,2008-2014,6,1,381800020,1,1
7,1994-2000,6,1,381800100,-1,-1
8,2001-2007,6,1,381800100,-1,-1
9,2008-2014,6,1,381800100,-1,-1
10,1994-2000,6,1,381800900,-1,-1
11,2001-2007,6,1,381800900,-1,-1
12,2008-2014,6,1,381800900,-1,-1
13,1994-2000,6,2,401110000,-1,-1
14,2001-2007,6,2,401110000,-1,-1
15,2008-2014,6,2,401110000,-1,-1
16,1994-2000,6,2,401110010,1,1
17,2001-2007,6,2,401110010,1,1
18,2008-2014,6,2,401110010,1,1
19,1994-2000,6,2,401110090,1,1
20,2001-2007,6,2,401110090,1,1
21,2008-2014,6,2,401110090,1,1
22,1994-2000,6,2,401120000,-0.313882398,-0.212907419
23,2001-2007,6,2,401120000,0.065367297,-0.10841969
24,2008-2014,6,2,401120000,0.157736763,-0.020258526
25,1994-2000,6,1,820231000,0.204667338,-0.387042241
26,2001-2007,6,1,820231000,0.751994651,-0.647280458
27,2008-2014,6,1,820231000,0.735431197,-0.588484078
28,1994-2000,6,1,820239000,0.681312692,0.303800066
29,2001-2007,6,1,820239000,0.80178441,-0.155009735
30,2008-2014,6,1,820239000,0.5720381,-0.092477639
31,1994-2000,6,1,820720000,1,1
32,2001-2007,6,1,820720000,1,1
33,2008-2014,6,1,820720000,1,1
34,1994-2000,6,1,820720100,-1,-1
35,1994-2000,6,1,820720200,-1,-1
36,2001-2007,6,1,820720200,-1,-1
37,2008-2014,6,1,820720200,-1,-1
38,1994-2000,6,1,820720900,-1,-1
39,2001-2007,6,1,820720900,-1,-1
40,2008-2014,6,1,820720900,-1,-1
41,1994-2000,4,4,820750010,1,1
42,2001-2007,4,4,820750010,1,1
43,2008-2014,4,4,820750010,1,1
44,1994-2000,4,4,820750090,1,1
45,2001-2007,4,4,820750090,1,1
46,2008-2014,4,4,820750090,1,1
47,1994-2000,4,4,820750100,-1,-1
48,2001-2007,4,4,820750100,-1,-1
49,2008-2014,4,4,820750100,-1,-1
50,1994-2000,4,4,820750200,-1,-1
51,2001-2007,4,4,820750200,-1,-1
52,2008-2014,4,4,820750200,-1,-1
53,1994-2000,4,4,820750900,-1,-1
54,2001-2007,4,4,820750900,-1,-1
55,2008-2014,4,4,820750900,-1,-1
56,1994-2000,4,3,830140000,0.553559482,-0.638058675
57,2001-2007,4,3,830140000,0.831079739,-0.473656761
58,2008-2014,4,3,830140000,0.746323617,-0.554193167
59,1994-2000,4,4,830300000,-0.409646542,-0.179973888
60,2001-2007,4,4,830300000,0.54811379,-0.139858767
61,2008-2014,4,4,830300000,0.252525958,-0.420372499
62,1994-2000,6,100,830710000,0.576301706,-0.498224393
63,2001-2007,6,100,830710000,0.701689542,-0.35271271
64,2008-2014,6,100,830710000,0.486709523,-0.327225918
65,1994-2000,6,1,830790000,-0.655968504,-0.539382004
66,2001-2007,6,1,830790000,-0.139998476,-0.546700807
67,2008-2014,6,1,830790000,0.403429878,-0.687370213
68,1994-2000,7,3,840732000,1,1
69,2001-2007,7,3,840732000,1,1
70,2008-2014,7,3,840732000,1,1
71,1994-2000,7,3,840732100,-1,-1
72,2001-2007,7,3,840732100,-1,-1
73,2008-2014,7,3,840732100,-1,-1
74,1994-2000,7,3,840732900,-1,-1
75,2001-2007,7,3,840732900,-1,-1
76,2008-2014,7,3,840732900,-1,-1
77,1994-2000,7,2,840991010,1,1
78,2001-2007,7,2,840991010,1,1
79,2008-2014,7,2,840991010,1,1
80,1994-2000,7,2,840991090,1,1
81,2001-2007,7,2,840991090,1,1
82,2008-2014,7,2,840991090,1,1
83,1994-2000,7,2,840991100,-1,-1
84,2001-2007,7,2,840991100,-1,-1
85,2008-2014,7,2,840991100,-1,-1
86,1994-2000,7,2,840991200,-1,-1
87,2001-2007,7,2,840991200,-1,-1
88,2008-2014,7,2,840991200,-1,-1
89,1994-2000,7,2,840991900,-1,-1
90,2001-2007,7,2,840991900,-1,-1
91,2008-2014,7,2,840991900,-1,-1
92,1994-2000,4,1,840999010,1,1
93,2001-2007,4,1,840999010,1,1
94,2008-2014,4,1,840999010,1,1
95,1994-2000,4,1,840999090,1,1
96,2001-2007,4,1,840999090,1,1
97,2008-2014,4,1,840999090,1,1
98,1994-2000,4,1,840999100,-1,-1
99,2001-2007,4,1,840999100,-1,-1
100,2008-2014,4,1,840999100,-1,-1
101,1994-2000,4,1,840999200,-1,-1
102,2001-2007,4,1,840999200,-1,-1
103,2008-2014,4,1,840999200,-1,-1
104,1994-2000,4,1,840999900,-1,-1
105,2001-2007,4,1,840999900,-1,-1
106,2008-2014,4,1,840999900,-1,-1
107,1994-2000,7,3,841012000,-1,-1
108,2001-2007,7,3,841012000,-1,-1
109,2008-2014,7,3,841012000,-1,-1
110,1994-2000,7,3,841013000,-1,-1
111,2001-2007,7,3,841013000,0.5,0.5
112,2008-2014,7,3,841013000,1,1
113,1994-2000,7,4,841090000,-0.514667141,-0.378399336
114,2001-2007,7,4,841090000,0.004095934,-0.44698675
115,2008-2014,7,4,841090000,0.558213382,-0.45354849
116,2001-2007,3,3,841111000,-1,-1
117,2008-2014,3,3,841111000,-1,-1
118,1994-2000,3,3,841112000,1,1
119,2001-2007,3,3,841112000,-1,-1
120,2001-2007,3,3,841121000,-1,-1
121,2008-2014,3,3,841122000,-1,-1
122,1994-2000,3,3,841181000,-1,-1
123,2001-2007,3,3,841181000,-1,-1
124,2008-2014,3,3,841181000,-1,-1
125,2001-2007,3,3,841181090,1,1
126,1994-2000,3,3,841182000,-1,-1
127,2001-2007,3,3,841182000,-0.666666667,-0.666666667
128,2008-2014,3,3,841182000,-0.979362692,-0.88370691
129,1994-2000,3,1,841191000,0.371999163,0.018187676
130,2001-2007,3,1,841191000,0.189228251,-0.312827337
131,2008-2014,3,1,841191000,-0.12079896,-0.843478454
132,1994-2000,3,1,841199000,-1,-1
133,2001-2007,3,1,841199000,-1,-1
134,2008-2014,3,1,841199000,-1,-1
135,1994-2000,3,1,841199010,1,1
136,2001-2007,3,1,841199010,1,1
137,2008-2014,3,1,841199010,1,1
138,1994-2000,3,1,841199090,1,1
139,2001-2007,3,1,841199090,1,1
140,2008-2014,3,1,841199090,1,1
141,1994-2000,3,3,841210000,-1,-1
142,2001-2007,3,3,841210000,-1,-1
143,2008-2014,3,3,841210000,-1,-1
144,1994-2000,3,3,841229000,-0.971217137,-0.398610147
145,2001-2007,3,3,841229000,-0.941919612,0.418214661
146,2008-2014,3,3,841229000,-0.920715687,0.469770536
147,1994-2000,4,4,841311000,-0.995074263,-0.831616184
148,2001-2007,4,4,841311000,-0.965657043,-0.631397133
149,2008-2014,4,4,841311000,-0.14582246,-0.491864591
150,1994-2000,3,3,841330000,-1,-1
151,2001-2007,3,3,841330000,-1,-1
152,2008-2014,3,3,841330000,-1,-1
153,1994-2000,3,3,841330010,1,1
154,2001-2007,3,3,841330010,1,1
155,2008-2014,3,3,841330010,1,1
156,1994-2000,3,3,841330020,1,1
157,2001-2007,3,3,841330020,1,1
158,2008-2014,3,3,841330020,1,1
159,1994-2000,4,100,841350010,1,1
160,2001-2007,4,100,841350010,1,1
161,2008-2014,4,100,841350010,1,1
162,1994-2000,4,100,841350090,1,1
163,2001-2007,4,100,841350090,1,1
164,2008-2014,4,100,841350090,1,1
165,1994-2000,4,100,841350100,-1,-1
166,2001-2007,4,100,841350100,-1,-1
167,2008-2014,4,100,841350100,-1,-1
168,1994-2000,4,100,841350900,-1,-1
169,2001-2007,4,100,841350900,-1,-1
170,2008-2014,4,100,841350900,-1,-1
171,2001-2007,4,3,841360011,1,1
172,2008-2014,4,3,841360011,1,1
173,1994-2000,4,3,841360019,1,1
174,2001-2007,4,3,841360019,1,1
175,2008-2014,4,3,841360019,1,1
176,1994-2000,4,3,841360091,1,1
177,2001-2007,4,3,841360091,1,1
178,2008-2014,4,3,841360091,1,1
179,1994-2000,4,3,841360099,1,1
180,2001-2007,4,3,841360099,1,1
181,2008-2014,4,3,841360099,1,1
182,1994-2000,4,3,841360100,-1,-1
183,2001-2007,4,3,841360100,-1,-1
184,2008-2014,4,3,841360100,-1,-1
185,1994-2000,4,3,841360200,-1,-1
186,1994-2000,4,3,841360300,-1,-1
187,1994-2000,4,3,841360900,-1,-1
188,2001-2007,4,3,841360900,-1,-1
189,2008-2014,4,3,841360900,-1,-1
190,1994-2000,4,3,841370010,1,1
191,2001-2007,4,3,841370010,1,1
192,2008-2014,4,3,841370010,1,1
193,1994-2000,4,3,841370090,1,1
194,2001-2007,4,3,841370090,1,1
195,2008-2014,4,3,841370090,1,1
196,1994-2000,4,3,841370100,-1,-1
197,2001-2007,4,3,841370100,-1,-1
198,2008-2014,4,3,841370100,-1,-1
199,1994-2000,4,3,841370200,-1,-1
200,2001-2007,4,3,841370200,-1,-1
201,2008-2014,4,3,841370200,-1,-1
202,1994-2000,4,3,841370900,-1,-1
203,2001-2007,4,3,841370900,-1,-1
204,2008-2014,4,3,841370900,-1,-1
205,1994-2000,3,100,841381000,0.146263455,-0.649333505
206,2001-2007,3,100,841381000,0.142166444,-0.606202611
207,2008-2014,3,100,841381000,-0.108044263,-0.477676924
208,1994-2000,7,3,841430010,1,1
209,2001-2007,7,3,841430010,1,1
210,2008-2014,7,3,841430010,1,1
211,1994-2000,7,3,841430090,1,1
212,2001-2007,7,3,841430090,1,1
213,2008-2014,7,3,841430090,1,1
214,1994-2000,7,3,841430100,-1,-1
215,2001-2007,7,3,841430100,-1,-1
216,2008-2014,7,3,841430100,-1,-1
217,1994-2000,7,3,841430900,-1,-1
218,2001-2007,7,3,841430900,-1,-1
219,2008-2014,7,3,841430900,-1,-1
220,1994-2000,7,3,841459000,-1,-1
221,2001-2007,7,3,841459000,-1,-1
222,2008-2014,7,3,841459000,-1,-1
223,1994-2000,7,3,841459010,1,1
224,2001-2007,7,3,841459010,1,1
225,2008-2014,7,3,841459010,1,1
226,1994-2000,7,3,841459021,1,1
227,2001-2007,7,3,841459021,1,1
228,2008-2014,7,3,841459021,1,1
229,1994-2000,7,3,841459029,1,1
230,2001-2007,7,3,841459029,1,1
231,2008-2014,7,3,841459029,1,1
232,1994-2000,7,3,841480011,1,1
233,2001-2007,7,3,841480011,1,1
234,2008-2014,7,3,841480011,1,1
235,1994-2000,7,3,841480019,1,1
236,2001-2007,7,3,841480019,1,1
237,2008-2014,7,3,841480019,1,1
238,1994-2000,7,3,841480091,1,1
239,2001-2007,7,3,841480091,1,1
240,2008-2014,7,3,841480091,1,1
241,1994-2000,7,3,841480092,1,1
242,2001-2007,7,3,841480092,1,1
243,2001-2007,7,3,841480093,1,1
244,2008-2014,7,3,841480093,1,1
245,1994-2000,7,3,841480100,-1,-1
246,2001-2007,7,3,841480100,-1,-1
247,2008-2014,7,3,841480100,-1,-1
248,1994-2000,7,3,841480210,-1,-1
249,2001-2007,7,3,841480210,-1,-1
250,2008-2014,7,3,841480210,-1,-1
251,1994-2000,7,3,841480220,-1,-1
252,2001-2007,7,3,841480220,-1,-1
253,2008-2014,7,3,841480220,-1,-1
254,1994-2000,7,3,841480290,-1,-1
255,2001-2007,7,3,841480290,-1,-1
256,2008-2014,7,3,841480290,-1,-1
257,1994-2000,7,3,841480900,-1,-1
258,2001-2007,7,3,841480900,-1,-1
259,2008-2014,7,3,841480900,-1,-1
260,1994-2000,4,1,841490010,1,1
261,2001-2007,4,1,841490010,1,1
262,2008-2014,4,1,841490010,1,1
263,1994-2000,4,1,841490091,1,1
264,2001-2007,4,1,841490091,1,1
265,2008-2014,4,1,841490091,1,1
266,1994-2000,4,1,841490099,1,1
267,2001-2007,4,1,841490099,1,1
268,2008-2014,4,1,841490099,1,1
269,1994-2000,4,1,841490100,-1,-1
270,2001-2007,4,1,841490100,-1,-1
271,2008-2014,4,1,841490100,-1,-1
272,1994-2000,4,1,841490900,-1,-1
273,2001-2007,4,1,841490900,-1,-1
274,2008-2014,4,1,841490900,-1,-1
275,1994-2000,8,4,841780000,-0.674991871,-0.734621989
276,2001-2007,8,4,841780000,-0.704322829,-0.428614025
277,2008-2014,8,4,841780000,-0.727667747,-0.570723313
278,1994-2000,1,4,841850000,-1,-1
279,2001-2007,1,4,841850000,-1,-1
280,2008-2014,1,4,841850000,-1,-1
281,1994-2000,1,4,841850010,1,1
282,2001-2007,1,4,841850010,1,1
283,2008-2014,1,4,841850010,1,1
284,1994-2000,1,4,841850090,1,1
285,2001-2007,1,4,841850090,1,1
286,2008-2014,1,4,841850090,1,1
287,1994-2000,7,3,841869010,1,1
288,2001-2007,7,3,841869010,1,1
289,2008-2014,7,3,841869010,1,1
290,1994-2000,7,3,841869020,1,1
291,2001-2007,7,3,841869020,1,1
292,2008-2014,7,3,841869020,1,1
293,1994-2000,7,3,841869091,1,1
294,2001-2007,7,3,841869091,1,1
295,2008-2014,7,3,841869091,1,1
296,1994-2000,7,3,841869099,1,1
297,2001-2007,7,3,841869099,1,1
298,2008-2014,7,3,841869099,1,1
299,1994-2000,7,3,841869100,-1,-1
300,2001-2007,7,3,841869100,-1,-1
301,2008-2014,7,3,841869100,-1,-1
302,1994-2000,7,3,841869900,-1,-1
303,2001-2007,7,3,841869900,-1,-1
304,2008-2014,7,3,841869900,-1,-1
305,1994-2000,7,4,841919000,-0.40697818,-0.588546805
306,2001-2007,7,4,841919000,0.226167557,0.331960373
307,2008-2014,7,4,841919000,0.857155875,-0.740850345
308,1994-2000,4,4,841940000,-0.7647468,-0.322711318
309,2001-2007,4,4,841940000,-0.709576135,-0.218078096
310,2008-2014,4,4,841940000,-0.679504241,-0.161356371
311,1994-2000,7,3,841950000,-0.798913181,-0.274273336
312,2001-2007,7,3,841950000,-0.387776306,-0.280410613
313,2008-2014,7,3,841950000,-0.405344462,-0.298332961
314,1994-2000,4,3,841989000,-0.923236438,-0.51603117
315,2001-2007,4,3,841989000,-0.829143147,-0.689268165
316,2008-2014,4,3,841989000,-0.422872211,-0.548006464
317,1994-2000,8,4,842119000,-0.968203831,-0.713669402
318,2001-2007,8,4,842119000,-0.955367865,-0.404216497
319,2008-2014,8,4,842119000,-0.69955539,-0.4002347
320,1994-2000,8,100,842121000,-0.891877372,-0.6167536
321,2001-2007,8,100,842121000,-0.23511543,-0.612549655
322,2008-2014,8,100,842121000,0.066640086,-0.524611772
323,1994-2000,3,4,842129000,-1,-1
324,2001-2007,3,4,842129000,-1,-1
325,2008-2014,3,4,842129000,-1,-1
326,2001-2007,3,4,842129010,1,1
327,2008-2014,3,4,842129010,1,1
328,1994-2000,3,4,842129090,1,1
329,2001-2007,3,4,842129090,1,1
330,2008-2014,3,4,842129090,1,1
331,1994-2000,8,100,842139000,-0.46439929,-0.52632735
332,2001-2007,8,100,842139000,-0.567308301,-0.84253862
333,2008-2014,8,100,842139000,-1,-1
334,2001-2007,8,100,842139010,1,1
335,2008-2014,8,100,842139010,1,1
336,2001-2007,8,100,842139090,1,1
337,2008-2014,8,100,842139090,1,1
338,1994-2000,4,4,842230010,1,1
339,2001-2007,4,4,842230010,1,1
340,2008-2014,4,4,842230010,1,1
341,1994-2000,4,4,842230020,1,1
342,2001-2007,4,4,842230020,1,1
343,2008-2014,4,4,842230020,1,1
344,1994-2000,4,4,842230090,1,1
345,2001-2007,4,4,842230090,1,1
346,2008-2014,4,4,842230090,1,1
347,1994-2000,4,4,842230100,-1,-1
348,2001-2007,4,4,842230100,-1,-1
349,2008-2014,4,4,842230100,-1,-1
350,1994-2000,4,4,842230900,-1,-1
351,2001-2007,4,4,842230900,-1,-1
352,2008-2014,4,4,842230900,-1,-1
353,1994-2000,4,4,842382000,0.476975264,-0.091286939
354,2001-2007,4,4,842382000,0.341456866,-0.472507048
355,2008-2014,4,4,842382000,0.593860179,-0.807219315
356,1994-2000,4,4,842382100,-1,-1
357,1994-2000,4,4,842382900,-1,-1
358,1994-2000,1,4,842389000,-0.428571429,-0.428571429
359,2001-2007,1,4,842389000,-0.658805601,-0.89573982
360,2008-2014,1,4,842389000,0.374150055,-0.936682814
361,1994-2000,1,4,842389100,-1,-1
362,1994-2000,1,4,842389900,-1,-1
363,1994-2000,7,2,842420000,-0.583942324,-0.694613198
364,2001-2007,7,2,842420000,-0.339366932,-0.802285624
365,2008-2014,7,2,842420000,0.320636363,-0.924097718
366,1994-2000,4,3,842481000,1,1
367,2001-2007,4,3,842481000,1,1
368,2008-2014,4,3,842481000,1,1
369,1994-2000,4,3,842481100,-1,-1
370,1994-2000,4,3,842481200,-1,-1
371,2001-2007,4,3,842481200,-1,-1
372,2008-2014,4,3,842481200,-1,-1
373,1994-2000,4,3,842481300,-1,-1
374,2001-2007,4,3,842481300,-1,-1
375,1994-2000,4,3,842481900,-1,-1
376,2001-2007,4,3,842481900,-1,-1
377,2008-2014,4,3,842481900,-1,-1
378,1994-2000,4,4,842489000,-1,-1
379,2001-2007,4,4,842489000,-1,-1
380,2008-2014,4,4,842489000,-1,-1
381,1994-2000,4,4,842489010,1,1
382,2001-2007,4,4,842489010,1,1
383,2008-2014,4,4,842489010,1,1
384,1994-2000,4,4,842489090,1,1
385,2001-2007,4,4,842489090,1,1
386,2008-2014,4,4,842489090,1,1
387,1994-2000,4,4,842649000,-0.992637641,-0.938241223
388,2001-2007,4,4,842649000,-0.428571429,-0.428571429
389,2008-2014,4,4,842649000,1,1
390,2001-2007,4,4,842649100,-1,-1
391,2008-2014,4,4,842649100,-1,-1
392,2001-2007,4,4,842649900,-1,-1
393,2008-2014,4,4,842649900,-1,-1
394,1994-2000,4,4,842710000,1,1
395,2001-2007,4,4,842710000,1,1
396,2008-2014,4,4,842710000,1,1
397,1994-2000,4,4,842710100,-1,-1
398,2001-2007,4,4,842710100,-1,-1
399,2008-2014,4,4,842710100,-1,-1
400,1994-2000,4,4,842710900,-1,-1
401,2001-2007,4,4,842710900,-1,-1
402,2008-2014,4,4,842710900,-1,-1
403,1994-2000,4,4,842790000,-0.974688441,-0.704631475
404,2001-2007,4,4,842790000,-0.733876514,-0.762939532
405,2008-2014,4,4,842790000,-0.086170695,-0.69690768
406,1994-2000,4,4,843069000,-0.9942881,-0.747476711
407,2001-2007,4,4,843069000,-0.986387191,-0.663925755
408,2008-2014,4,4,843069000,-0.82431513,0.228982478
409,1994-2000,4,4,843143000,-0.608519051,-0.214270641
410,2001-2007,4,4,843143000,-0.044610234,-0.195833126
411,2008-2014,4,4,843143000,0.23015183,-0.628199808
412,1994-2000,4,4,844340000,-1,-1
413,2001-2007,4,4,844340000,-0.980499017,-0.681815678
414,1994-2000,4,4,844790000,1,1
415,2001-2007,4,4,844790000,1,1
416,2008-2014,4,4,844790000,1,1
417,1994-2000,4,4,844790100,-1,-1
418,2001-2007,4,4,844790100,-1,-1
419,2008-2014,4,4,844790100,-1,-1
420,1994-2000,4,4,844790200,-1,-1
421,2001-2007,4,4,844790200,-1,-1
422,2008-2014,4,4,844790200,-1,-1
423,1994-2000,4,4,844790900,-1,-1
424,2001-2007,4,4,844790900,-1,-1
425,2008-2014,4,4,844790900,-1,-1
426,2001-2007,4,4,844811000,0.488850008,0.359016037
427,2008-2014,4,4,844811000,0.387725017,-0.216776502
428,1994-2000,4,4,844811100,-1,-1
429,2001-2007,4,4,844811100,-1,-1
430,1994-2000,4,4,844811900,-1,-1
431,2001-2007,4,4,844811900,-1,-1
432,1994-2000,4,4,844819000,-0.958056367,0.083502576
433,2001-2007,4,4,844819000,-0.805277679,-0.268825004
434,2008-2014,4,4,844819000,-0.791687415,-0.726858631
435,2001-2007,4,3,844839000,1,1
436,2008-2014,4,3,844839000,1,1
437,1994-2000,4,3,844839010,1,1
438,2001-2007,4,3,844839010,1,1
439,1994-2000,4,3,844839020,1,1
440,1994-2000,4,3,844839090,1,1
441,2001-2007,4,3,844839090,1,1
442,1994-2000,4,3,844839100,-1,-1
443,2001-2007,4,3,844839100,-1,-1
444,2008-2014,4,3,844839100,-1,-1
445,1994-2000,4,3,844839900,-1,-1
446,2001-2007,4,3,844839900,-1,-1
447,2008-2014,4,3,844839900,-1,-1
448,1994-2000,4,4,845140000,1,1
449,2001-2007,4,4,845140000,1,1
450,2008-2014,4,4,845140000,1,1
451,1994-2000,4,4,845140100,-1,-1
452,1994-2000,4,4,845140200,-1,-1
453,2001-2007,4,4,845140200,-1,-1
454,2008-2014,4,4,845140200,-1,-1
455,1994-2000,4,4,845140900,-1,-1
456,2001-2007,4,4,845140900,-1,-1
457,2008-2014,4,4,845140900,-1,-1
458,1994-2000,7,4,845410000,-1,-1
459,2001-2007,7,4,845410000,0.456352905,0.44163362
460,2008-2014,7,4,845410000,1,1
461,1994-2000,4,4,845430000,-0.980644597,-0.614713576
462,2001-2007,4,4,845430000,-0.987458989,-0.055315745
463,2008-2014,4,4,845430000,-0.858626577,-0.24232331
464,1994-2000,4,4,845610000,-0.986833548,-0.432472921
465,2001-2007,4,4,845610000,-0.982481384,0.277985577
466,2008-2014,4,4,845610000,-0.943999102,0.051611436
467,1994-2000,4,4,845620000,-0.963658996,-0.901238608
468,2001-2007,4,4,845620000,-0.730146834,-0.289234941
469,2008-2014,4,4,845620000,-0.899356338,-0.289721206
470,1994-2000,4,4,845630011,1,1
471,2001-2007,4,4,845630011,1,1
472,2008-2014,4,4,845630011,1,1
473,1994-2000,4,4,845630019,1,1
474,2001-2007,4,4,845630019,1,1
475,2008-2014,4,4,845630019,1,1
476,1994-2000,4,4,845630090,1,1
477,2001-2007,4,4,845630090,1,1
478,2008-2014,4,4,845630090,1,1
479,1994-2000,4,4,845630110,-1,-1
480,2001-2007,4,4,845630110,-1,-1
481,2008-2014,4,4,845630110,-1,-1
482,1994-2000,4,4,845630190,-1,-1
483,2001-2007,4,4,845630190,-1,-1
484,2008-2014,4,4,845630190,-1,-1
485,1994-2000,4,4,845630900,-1,-1
486,2001-2007,4,4,845630900,-1,-1
487,2008-2014,4,4,845630900,-1,-1
488,1994-2000,4,4,845691000,-1,-1
489,2001-2007,4,4,845691000,-0.998812431,-1
490,1994-2000,4,4,845699000,-1,-1
491,2001-2007,4,4,845699000,-0.954470535,-1
492,2001-2007,4,4,845710000,1,1
493,2008-2014,4,4,845710000,1,1
494,1994-2000,4,4,845710010,1,1
495,2001-2007,4,4,845710010,1,1
496,1994-2000,4,4,845710090,1,1
497,1994-2000,4,4,845710100,-1,-1
498,2001-2007,4,4,845710100,-1,-1
499,2008-2014,4,4,845710100,-1,-1
500,1994-2000,4,4,845710200,-1,-1
501,2001-2007,4,4,845710200,-1,-1
502,2008-2014,4,4,845710200,-1,-1
503,1994-2000,4,4,845710900,-1,-1
504,2001-2007,4,4,845710900,-1,-1
505,2008-2014,4,4,845710900,-1,-1
506,2001-2007,4,4,845730000,1,1
507,2008-2014,4,4,845730000,-1,-1
508,1994-2000,4,4,845730100,-1,-1
509,2001-2007,4,4,845730100,-1,-1
510,2008-2014,4,4,845730100,-1,-1
511,1994-2000,4,4,845730900,-1,-1
512,2001-2007,4,4,845730900,-1,-1
513,2008-2014,4,4,845730900,-1,-1
514,1994-2000,4,4,845811000,-0.9595317,-0.625079974
515,2001-2007,4,4,845811000,-0.831673402,-0.302459895
516,2008-2014,4,4,845811000,-0.503809,-0.216112039
517,1994-2000,4,4,845921000,-0.997725804,-0.932818787
518,2001-2007,4,4,845921000,-0.996572757,-0.312143975
519,2008-2014,4,4,845921000,-0.993952695,-0.630102075
520,1994-2000,4,4,845931000,-1,-1
521,2001-2007,4,4,845931000,-0.99839187,-0.854972577
522,2008-2014,4,4,845931000,-0.999628698,-0.641190554
523,1994-2000,4,4,845940000,1,1
524,2001-2007,4,4,845940000,1,1
525,2008-2014,4,4,845940000,1,1
526,1994-2000,4,4,845940100,-1,-1
527,2001-2007,4,4,845940100,-1,-1
528,2008-2014,4,4,845940100,-1,-1
529,1994-2000,4,4,845940900,-1,-1
530,2001-2007,4,4,845940900,-1,-1
531,2008-2014,4,4,845940900,-1,-1
532,1994-2000,4,4,845951000,-1,-1
533,2001-2007,4,4,845951000,-0.970958235,-0.782219102
534,2008-2014,4,4,845951000,-0.977236234,-0.499901348
535,1994-2000,4,4,845961000,-0.998773661,-0.956261553
536,2001-2007,4,4,845961000,-0.999409964,-0.845436253
537,2008-2014,4,4,845961000,-0.993773802,-0.586743665
538,1994-2000,4,4,846011000,-0.98369866,-0.743597919
539,2001-2007,4,4,846011000,-0.846556113,-0.526853755
540,2008-2014,4,4,846011000,-0.954255731,-0.604371158
541,1994-2000,4,4,846021000,-0.936589525,-0.871519752
542,2001-2007,4,4,846021000,-0.986973599,-0.521279139
543,2008-2014,4,4,846021000,-0.987661261,-0.354565535
544,1994-2000,4,4,846031000,-0.944354877,-0.731079264
545,2001-2007,4,4,846031000,-0.990320155,-0.721131996
546,2008-2014,4,4,846031000,-0.973514227,-0.654213143
547,2001-2007,4,4,846140000,1,1
548,2008-2014,4,4,846140000,1,1
549,1994-2000,4,4,846140090,1,1
550,2001-2007,4,4,846140090,1,1
551,1994-2000,4,4,846140091,1,1
552,1994-2000,4,4,846140099,1,1
553,1994-2000,4,4,846140100,-1,-1
554,2001-2007,4,4,846140100,-1,-1
555,2008-2014,4,4,846140100,-1,-1
556,1994-2000,4,4,846140910,-1,-1
557,2001-2007,4,4,846140910,-1,-1
558,2008-2014,4,4,846140910,-1,-1
559,1994-2000,4,4,846140920,-1,-1
560,1994-2000,4,4,846140990,-1,-1
561,2001-2007,4,4,846140990,-1,-1
562,2008-2014,4,4,846140990,-1,-1
563,1994-2000,4,4,846221000,-0.990017873,-0.749349917
564,2001-2007,4,4,846221000,-0.909945967,-0.309112224
565,2008-2014,4,4,846221000,-0.724428439,-0.181052662
566,1994-2000,4,4,846231000,-0.997559996,-0.60976131
567,2001-2007,4,4,846231000,-0.955546883,-0.718690571
568,2008-2014,4,4,846231000,-0.952099416,-0.354386877
569,1994-2000,4,4,846241000,-0.997591021,-0.855789014
570,2001-2007,4,4,846241000,-0.992968166,-0.085297254
571,2008-2014,4,4,846241000,-0.98533065,-0.240872935
572,1994-2000,4,4,846291000,-0.990026722,-0.710503484
573,2001-2007,4,4,846291000,-0.969347821,-0.613792804
574,2008-2014,4,4,846291000,-0.926539213,-0.59243578
575,1994-2000,4,4,846299000,-0.995784536,0.1103268
576,2001-2007,4,4,846299000,-0.954626997,-0.043762514
577,2008-2014,4,4,846299000,-0.935443002,-0.143637524
578,1994-2000,4,4,846599000,1,1
579,2001-2007,4,4,846599000,1,1
580,2008-2014,4,4,846599000,1,1
581,1994-2000,4,4,846599100,-1,-1
582,2001-2007,4,4,846599100,-1,-1
583,2008-2014,4,4,846599100,-1,-1
584,1994-2000,4,4,846599900,-1,-1
585,2001-2007,4,4,846599900,-1,-1
586,2008-2014,4,4,846599900,-1,-1
587,1994-2000,4,1,846693000,-0.014197683,-0.934730118
588,2001-2007,4,1,846693000,0.034875209,-0.933174151
589,2008-2014,4,1,846693000,-0.190004575,-0.914281224
590,1994-2000,4,4,846880000,-0.962279659,-0.182775145
591,2001-2007,4,4,846880000,-0.793795117,0.068605603
592,2008-2014,4,4,846880000,-0.750016623,-0.404713762
593,1994-2000,1,4,847050000,1,1
594,2001-2007,1,4,847050000,1,1
595,2008-2014,1,4,847050000,0.998031191,1
596,1994-2000,1,4,847110000,-0.666197193,-0.864215277
597,1994-2000,8,4,847230000,0.112324736,-0.280092906
598,2001-2007,8,4,847230000,0.861817334,0.15550132
599,2008-2014,8,4,847230000,0.688076997,0.141457487
600,1994-2000,1,4,847290000,0.604418356,-0.493882163
601,2001-2007,1,4,847290000,0.525282245,-0.467116799
602,2008-2014,1,4,847290000,0.195078221,-0.529024923
603,1994-2000,1,2,847330000,-1,-1
604,2001-2007,1,2,847330000,-1,-1
605,2008-2014,1,2,847330000,-1,-1
606,1994-2000,1,2,847330010,1,1
607,2001-2007,1,2,847330010,1,1
608,2001-2007,1,2,847330011,1,1
609,2008-2014,1,2,847330011,1,1
610,2001-2007,1,2,847330019,1,1
611,2008-2014,1,2,847330019,1,1
612,1994-2000,1,2,847330090,1,1
613,2001-2007,1,2,847330090,1,1
614,2008-2014,1,2,847330090,1,1
615,1994-2000,4,4,847710000,-0.984930417,-0.10563918
616,2001-2007,4,4,847710000,-0.894842763,-0.295094535
617,2008-2014,4,4,847710000,-0.908224592,-0.233194262
618,1994-2000,4,4,847730000,-0.982841591,-0.337319474
619,2001-2007,4,4,847730000,-0.827275271,-0.313678033
620,2008-2014,4,4,847730000,-0.879151673,-0.398089484
621,1994-2000,4,4,847740000,1,1
622,2001-2007,4,4,847740000,1,1
623,2008-2014,4,4,847740000,1,1
624,1994-2000,4,4,847740100,-1,-1
625,2001-2007,4,4,847740100,-1,-1
626,2008-2014,4,4,847740100,-1,-1
627,1994-2000,4,4,847740900,-1,-1
628,2001-2007,4,4,847740900,-1,-1
629,2008-2014,4,4,847740900,-1,-1
630,1994-2000,4,4,847751000,-0.61511344,-0.652238241
631,2001-2007,4,4,847751000,-0.626591317,-0.405256965
632,2008-2014,4,4,847751000,-0.172216863,-0.348697904
633,1994-2000,5,4,847759000,-0.97573018,-0.471845672
634,2001-2007,5,4,847759000,-0.937064173,-0.464883902
635,2008-2014,5,4,847759000,-0.793897863,-0.516924254
636,1994-2000,4,4,847780000,-0.97258399,-0.653901477
637,2001-2007,4,4,847780000,-0.934027999,-0.490826672
638,2008-2014,4,4,847780000,-0.771224032,-0.451835182
639,1994-2000,4,4,847910000,-0.927980575,-0.738444214
640,2001-2007,4,4,847910000,-0.996209565,-0.433918466
641,2008-2014,4,4,847910000,-0.765083418,-0.241757636
642,1994-2000,7,4,847982000,-0.943915316,-0.72165699
643,2001-2007,7,4,847982000,-0.653634934,-0.743244106
644,2008-2014,7,4,847982000,-0.57035171,-0.735337523
645,1994-2000,4,100,847989000,1,1
646,2001-2007,4,100,847989000,1,1
647,2008-2014,4,100,847989000,1,1
648,1994-2000,4,100,847989100,-1,-1
649,2001-2007,4,100,847989100,-1,-1
650,2008-2014,4,100,847989100,-1,-1
651,1994-2000,4,100,847989900,-1,-1
652,2001-2007,4,100,847989900,-1,-1
653,2008-2014,4,100,847989900,-1,-1
654,1994-2000,8,1,847990000,-0.854452985,-0.875925411
655,2001-2007,8,1,847990000,-0.5573446,-0.823456298
656,2008-2014,8,1,847990000,-0.294262022,-0.820502558
657,1994-2000,4,1,848071000,-0.892558945,-0.567593881
658,2001-2007,4,1,848071000,-0.560559031,-0.637221055
659,2008-2014,4,1,848071000,-0.093708389,-0.617690865
660,1994-2000,4,1,848079000,-0.905413432,-0.408082405
661,2001-2007,4,1,848079000,-0.594070781,-0.427872108
662,2008-2014,4,1,848079000,-0.344998675,-0.495272966
663,1994-2000,4,2,848120000,-0.924426517,-0.231615247
664,2001-2007,4,2,848120000,-0.913240218,0.356213506
665,2008-2014,4,2,848120000,-0.922248291,0.183892815
666,1994-2000,7,2,848180010,1,1
667,2001-2007,7,2,848180010,1,1
668,2008-2014,7,2,848180010,1,1
669,1994-2000,7,2,848180020,1,1
670,2001-2007,7,2,848180020,1,1
671,2008-2014,7,2,848180020,1,1
672,1994-2000,7,2,848180090,1,1
673,2001-2007,7,2,848180090,1,1
674,2008-2014,7,2,848180090,1,1
675,1994-2000,7,2,848180110,-1,-1
676,2001-2007,7,2,848180110,-1,-1
677,2008-2014,7,2,848180110,-1,-1
678,1994-2000,7,2,848180190,-1,-1
679,2001-2007,7,2,848180190,-1,-1
680,2008-2014,7,2,848180190,-1,-1
681,1994-2000,7,2,848180200,-1,-1
682,2001-2007,7,2,848180200,-1,-1
683,2008-2014,7,2,848180200,-1,-1
684,1994-2000,7,2,848180900,-1,-1
685,2001-2007,7,2,848180900,-1,-1
686,2008-2014,7,2,848180900,-1,-1
687,1994-2000,4,2,848210000,-0.253995519,0.341876431
688,2001-2007,4,2,848210000,0.243144438,0.54266054
689,2008-2014,4,2,848210000,1,1
690,2001-2007,4,2,848210100,-1,-1
691,2008-2014,4,2,848210100,-1,-1
692,2001-2007,4,2,848210900,-1,-1
693,2008-2014,4,2,848210900,-1,-1
694,1994-2000,4,2,848250000,-0.972199451,-0.194830993
695,2001-2007,4,2,848250000,-0.086377782,0.522934854
696,2008-2014,4,2,848250000,1,1
697,2001-2007,4,2,848250100,-1,-1
698,2008-2014,4,2,848250100,-1,-1
699,2001-2007,4,2,848250900,-1,-1
700,2008-2014,4,2,848250900,-1,-1
701,1994-2000,4,1,848291000,1,1
702,2001-2007,4,1,848291000,1,1
703,2008-2014,4,1,848291000,1,1
704,1994-2000,4,1,848291100,-1,-1
705,2001-2007,4,1,848291100,-1,-1
706,2008-2014,4,1,848291100,-1,-1
707,1994-2000,4,1,848291900,-1,-1
708,2001-2007,4,1,848291900,-1,-1
709,2008-2014,4,1,848291900,-1,-1
710,1994-2000,7,3,848340010,1,1
711,2001-2007,7,3,848340010,1,1
712,2008-2014,7,3,848340010,1,1
713,1994-2000,7,3,848340090,1,1
714,2001-2007,7,3,848340090,1,1
715,2008-2014,7,3,848340090,1,1
716,1994-2000,7,3,848340100,-1,-1
717,2001-2007,7,3,848340100,-1,-1
718,2008-2014,7,3,848340100,-1,-1
719,1994-2000,7,3,848340200,-1,-1
720,2001-2007,7,3,848340200,-1,-1
721,2008-2014,7,3,848340200,-1,-1
722,1994-2000,7,3,848340300,-1,-1
723,2001-2007,7,3,848340300,-1,-1
724,2008-2014,7,3,848340300,-1,-1
725,1994-2000,7,3,848340900,-1,-1
726,2001-2007,7,3,848340900,-1,-1
727,2008-2014,7,3,848340900,-1,-1
728,1994-2000,6,1,848410000,-0.968377818,-0.489080477
729,2001-2007,6,1,848410000,-0.866320956,-0.414612872
730,2008-2014,6,1,848410000,-0.737083212,-0.399220874
731,1994-2000,8,3,848510000,-0.535552293,-0.154227812
732,2001-2007,8,3,848510000,-0.953018816,0.054626037
733,1994-2000,6,1,848590000,-0.271052094,-0.771291935
734,2001-2007,6,1,848590000,0.072181245,-0.562997047
735,1994-2000,7,3,850162000,-0.277615494,-0.382584294
736,2001-2007,7,3,850162000,0.535728173,-0.201785432
737,2008-2014,7,3,850162000,0.900212475,-0.531563017
738,1994-2000,7,3,850163000,-0.774619625,-0.73072222
739,2001-2007,7,3,850163000,-0.199072364,-0.187729306
740,2008-2014,7,3,850163000,0.782027176,0.066453711
741,1994-2000,7,3,850164000,1,1
742,2001-2007,7,3,850164000,1,1
743,2008-2014,7,3,850164000,1,1
744,1994-2000,7,3,850164100,-1,-1
745,1994-2000,7,3,850164200,-1,-1
746,2001-2007,7,3,850164200,-1,-1
747,1994-2000,7,3,850164300,-1,-1
748,2001-2007,7,3,850164300,-1,-1
749,2008-2014,7,3,850164300,-1,-1
750,1994-2000,7,3,850164900,-1,-1
751,2001-2007,7,3,850164900,-1,-1
752,2008-2014,7,3,850164900,-1,-1
753,1994-2000,7,3,850211000,-0.963412273,-0.381388028
754,2001-2007,7,3,850211000,-0.934337468,-0.194673062
755,2008-2014,7,3,850211000,-0.8424407,-0.234749635
756,1994-2000,7,3,850231000,0.425661376,-1
757,2001-2007,7,3,850231000,0.239723415,-1
758,2008-2014,7,3,850231000,0.149159329,-1
759,1994-2000,7,3,850239000,-0.998801203,-1
760,2001-2007,7,3,850239000,-0.807851134,-1
761,2008-2014,7,3,850239000,-0.918002331,-1
762,1994-2000,4,3,850300000,-0.323717365,-0.620296115
763,2001-2007,4,3,850300000,-0.23588209,-0.632103326
764,2008-2014,4,3,850300000,-0.070129632,-0.524649475
765,1994-2000,7,3,850410000,0.218637205,0.394914696
766,2001-2007,7,3,850410000,0.711659206,-0.198845951
767,2008-2014,7,3,850410000,-0.083065554,-0.493549026
768,1994-2000,7,3,850423000,-0.659745345,-0.450861491
769,2001-2007,7,3,850423000,-0.981291693,-0.659475164
770,2008-2014,7,3,850423000,-0.09962408,-0.462649904
771,1994-2000,7,3,850423900,-1,-1
772,1994-2000,1,3,850431000,1,1
773,2001-2007,1,3,850431000,1,1
774,2008-2014,1,3,850431000,1,1
775,1994-2000,1,3,850431100,-1,-1
776,2001-2007,1,3,850431100,-1,-1
777,1994-2000,1,3,850431200,-1,-1
778,2001-2007,1,3,850431200,-1,-1
779,2008-2014,1,3,850431200,-1,-1
780,2001-2007,1,3,850431900,-1,-1
781,2008-2014,1,3,850431900,-1,-1
782,1994-2000,1,3,850431910,-1,-1
783,2001-2007,1,3,850431910,-1,-1
784,1994-2000,1,3,850431920,-1,-1
785,2001-2007,1,3,850431920,-1,-1
786,1994-2000,7,3,850432000,0.225112305,0.16695558
787,2001-2007,7,3,850432000,0.434827619,-0.561257384
788,2008-2014,7,3,850432000,0.634360518,-0.495792617
789,1994-2000,7,3,850432100,-1,-1
790,1994-2000,7,3,850432900,-1,-1
791,2001-2007,7,100,850433000,-1,-1
792,2008-2014,7,100,850433000,-1,-1
793,1994-2000,7,100,850433010,1,1
794,2001-2007,7,100,850433010,1,1
795,2008-2014,7,100,850433010,1,1
796,1994-2000,7,100,850433020,1,1
797,2001-2007,7,100,850433020,1,1
798,2008-2014,7,100,850433020,1,1
799,1994-2000,7,100,850433090,1,1
800,2001-2007,7,100,850433090,1,1
801,2008-2014,7,100,850433090,1,1
802,1994-2000,7,100,850433100,-1,-1
803,1994-2000,7,100,850433910,-1,-1
804,2001-2007,7,100,850433910,-1,-1
805,1994-2000,7,100,850433920,-1,-1
806,2001-2007,7,100,850433920,-1,-1
807,1994-2000,7,3,850434000,-0.467803341,-0.423530955
808,2001-2007,7,3,850434000,-0.772275479,-0.160405088
809,2008-2014,7,3,850434000,0.353059713,-0.24756258
810,1994-2000,7,3,850434100,-1,-1
811,1994-2000,7,3,850434900,-1,-1
812,1994-2000,4,100,850440011,1,1
813,2001-2007,4,100,850440011,1,1
814,2008-2014,4,100,850440011,1,1
815,1994-2000,4,100,850440019,1,1
816,2001-2007,4,100,850440019,1,1
817,2008-2014,4,100,850440019,1,1
818,1994-2000,4,100,850440090,1,1
819,2001-2007,4,100,850440090,1,1
820,2008-2014,4,100,850440090,1,1
821,1994-2000,4,100,850440110,-1,-1
822,2001-2007,4,100,850440110,-1,-1
823,2008-2014,4,100,850440110,-1,-1
824,1994-2000,4,100,850440190,-1,-1
825,2001-2007,4,100,850440190,-1,-1
826,2008-2014,4,100,850440190,-1,-1
827,1994-2000,4,100,850440900,-1,-1
828,2001-2007,4,100,850440900,-1,-1
829,2008-2014,4,100,850440900,-1,-1
830,1994-2000,1,1,850450000,0.532822068,-0.348724331
831,2001-2007,1,1,850450000,0.471543305,-0.527889239
832,2008-2014,1,1,850450000,0.224157127,-0.655645231
833,1994-2000,7,1,850490000,-0.280644315,-0.129744941
834,2001-2007,7,1,850490000,-0.20528142,-0.188726914
835,2008-2014,7,1,850490000,-0.324374701,-0.652421456
836,1994-2000,6,1,850511000,-0.279508822,-0.565582134
837,2001-2007,6,1,850511000,-0.280071221,-0.61584405
838,2008-2014,6,1,850511000,-0.258031721,-0.530092222
839,1994-2000,7,1,850780000,-0.104629507,0.323540629
840,2001-2007,7,1,850780000,1,1
841,2008-2014,7,1,850780000,0.793942661,0.354306009
842,1994-2000,7,1,850780100,-1,-1
843,2001-2007,7,1,850780100,-1,-1
844,2008-2014,7,1,850780100,-1,-1
845,1994-2000,7,1,850780200,-1,-1
846,2001-2007,7,1,850780200,-1,-1
847,2008-2014,7,1,850780200,-1,-1
848,1994-2000,7,1,850780900,-1,-1
849,2001-2007,7,1,850780900,-1,-1
850,2008-2014,7,1,850780900,-1,-1
851,1994-2000,4,4,851521000,-0.991727045,-0.44640533
852,2001-2007,4,4,851521000,-0.981996444,-0.207091767
853,2008-2014,4,4,851521000,-0.949555241,-0.459276498
854,1994-2000,4,4,851531000,-0.988294801,-0.307523148
855,2001-2007,4,4,851531000,-0.907892443,-0.448246842
856,2008-2014,4,4,851531000,-0.667407261,-0.547661156
857,1994-2000,4,4,851539000,-0.884999412,-0.475384233
858,2001-2007,4,4,851539000,0.189876585,-0.445139556
859,2008-2014,4,4,851539000,0.361096954,-0.544317778
860,1994-2000,7,4,851580000,-1,-1
861,2001-2007,7,4,851580000,-1,-1
862,2008-2014,7,4,851580000,-1,-1
863,1994-2000,7,4,851580010,1,1
864,2001-2007,7,4,851580010,1,1
865,2008-2014,7,4,851580010,1,1
866,1994-2000,7,4,851580090,1,1
867,2001-2007,7,4,851580090,1,1
868,2008-2014,7,4,851580090,1,1
869,1994-2000,1,1,851680000,0.236723752,-0.636240422
870,2001-2007,1,1,851680000,0.255988536,-0.622906572
871,2008-2014,1,1,851680000,0.412859071,-0.600530517
872,1994-2000,1,4,851730000,-0.917731696,-0.847004279
873,1994-2000,1,100,851790000,-1,-1
874,2001-2007,1,100,851790000,-1,-1
875,1994-2000,1,100,851790010,1,1
876,2001-2007,1,100,851790010,1,1
877,1994-2000,1,100,851790090,1,1
878,2001-2007,1,100,851790090,1,1
879,1994-2000,1,2,851810000,1,1
880,2001-2007,1,2,851810000,0.709853697,0.227309498
881,2008-2014,1,2,851810000,0.524349522,-0.828872438
882,1994-2000,1,2,851810100,-1,-1
883,2001-2007,1,2,851810100,-1,-1
884,1994-2000,1,2,851810200,-1,-1
885,2001-2007,1,2,851810200,-1,-1
886,1994-2000,1,3,851829000,1,1
887,2001-2007,1,3,851829000,1,1
888,2008-2014,1,3,851829000,1,1
889,1994-2000,1,3,851829900,-1,-1
890,2001-2007,1,3,851829900,-1,-1
891,2008-2014,1,3,851829900,-1,-1
892,1994-2000,1,3,851840000,1,1
893,2001-2007,1,3,851840000,1,1
894,2008-2014,1,3,851840000,1,1
895,1994-2000,1,3,851840100,-1,-1
896,2001-2007,1,3,851840100,-1,-1
897,2008-2014,1,3,851840100,-1,-1
898,1994-2000,1,3,851840200,-1,-1
899,2001-2007,1,3,851840200,-1,-1
900,2008-2014,1,3,851840200,-1,-1
901,1994-2000,1,3,851840900,-1,-1
902,2001-2007,1,3,851840900,-1,-1
903,2008-2014,1,3,851840900,-1,-1
904,1994-2000,1,4,851999000,1,1
905,2001-2007,1,4,851999000,1,1
906,2001-2007,1,4,852020000,1,1
907,1994-2000,1,4,852110000,0.422200335,-0.132268161
908,2001-2007,1,4,852110000,0.279037671,-0.907669164
909,2008-2014,1,4,852110000,-0.81369638,-0.859805232
910,1994-2000,1,100,852190000,-0.590170052,-0.221793688
911,2001-2007,1,100,852190000,0.98574941,-0.542402689
912,2008-2014,1,100,852190000,0.975510698,-0.791603486
913,1994-2000,1,1,852290000,1,1
914,2001-2007,1,1,852290000,1,1
915,2008-2014,1,1,852290000,0.821633184,0.23916259
916,1994-2000,1,1,852290100,-1,-1
917,2001-2007,1,1,852290100,-1,-1
918,2001-2007,1,1,852290200,-1,-1
919,2008-2014,1,1,852290200,-1,-1
920,1994-2000,1,1,852290900,-1,-1
921,2001-2007,1,1,852290900,-1,-1
922,2008-2014,1,1,852290900,-1,-1
923,1994-2000,1,1,852390000,-1,-1
924,2001-2007,1,1,852390000,-0.638289616,-0.50245203
925,1994-2000,1,1,852390020,1,1
926,2001-2007,1,1,852390020,1,1
927,1994-2000,1,100,852510000,1,1
928,2001-2007,1,100,852510000,1,1
929,1994-2000,1,100,852510010,1,1
930,1994-2000,1,100,852510091,1,1
931,1994-2000,1,100,852510099,1,1
932,1994-2000,1,100,852510100,-1,-1
933,1994-2000,1,100,852510200,-1,-1
934,2001-2007,1,100,852510200,-1,-1
935,1994-2000,1,100,852510900,-1,-1
936,2001-2007,1,100,852510900,-1,-1
937,1994-2000,1,100,852510910,-1,-1
938,1994-2000,1,100,852510920,-1,-1
939,1994-2000,1,100,852510990,-1,-1
940,2001-2007,1,100,852520010,1,1
941,1994-2000,1,100,852520020,1,1
942,2001-2007,1,100,852520020,1,1
943,1994-2000,1,100,852520030,1,1
944,2001-2007,1,100,852520030,1,1
945,1994-2000,1,100,852520091,1,1
946,2001-2007,1,100,852520091,1,1
947,1994-2000,1,100,852520092,1,1
948,2001-2007,1,100,852520092,1,1
949,1994-2000,1,100,852520099,1,1
950,2001-2007,1,100,852520099,1,1
951,1994-2000,1,100,852520100,-1,-1
952,2001-2007,1,100,852520100,-1,-1
953,1994-2000,1,100,852520200,-1,-1
954,2001-2007,1,100,852520200,-1,-1
955,1994-2000,1,100,852520400,-1,-1
956,1994-2000,1,100,852520500,-1,-1
957,2001-2007,1,100,852520500,-1,-1
958,1994-2000,1,100,852520600,-1,-1
959,2001-2007,1,100,852520600,-1,-1
960,1994-2000,1,100,852520910,-1,-1
961,2001-2007,1,100,852520910,-1,-1
962,1994-2000,1,100,852520920,-1,-1
963,2001-2007,1,100,852520920,-1,-1
964,1994-2000,1,100,852520990,-1,-1
965,2001-2007,1,100,852520990,-1,-1
966,1994-2000,1,100,852530000,1,1
967,2001-2007,1,100,852530000,1,1
968,1994-2000,1,100,852530110,-1,-1
969,2001-2007,1,100,852530110,-1,-1
970,1994-2000,1,100,852530190,-1,-1
971,2001-2007,1,100,852530190,-1,-1
972,1994-2000,1,100,852530900,-1,-1
973,2001-2007,1,100,852530900,-1,-1
974,1994-2000,3,3,852610000,-1,-1
975,2001-2007,3,3,852610000,-1,-1
976,2008-2014,3,3,852610000,-1,-1
977,1994-2000,3,3,852610010,1,1
978,2001-2007,3,3,852610010,1,1
979,2008-2014,3,3,852610010,1,1
980,2001-2007,3,3,852610020,1,1
981,2008-2014,3,3,852610020,1,1
982,1994-2000,3,3,852610090,1,1
983,2001-2007,3,3,852610090,1,1
984,2008-2014,3,3,852610090,1,1
985,1994-2000,1,1,852910000,1,1
986,2001-2007,1,1,852910000,1,1
987,2008-2014,1,1,852910000,1,1
988,1994-2000,1,1,852910100,-1,-1
989,2001-2007,1,1,852910100,-1,-1
990,2008-2014,1,1,852910100,-1,-1
991,1994-2000,1,1,852910200,-1,-1
992,2001-2007,1,1,852910200,-1,-1
993,1994-2000,1,1,852910900,-1,-1
994,2001-2007,1,1,852910900,-1,-1
995,2008-2014,1,1,852910900,-1,-1
996,1994-2000,1,100,852990000,1,1
997,2001-2007,1,100,852990000,1,1
998,1994-2000,1,100,852990100,-1,-1
999,2001-2007,1,100,852990100,-1,-1
1000,2008-2014,1,100,852990100,-1,-1
1001,2001-2007,1,100,852990111,1,1
1002,2008-2014,1,100,852990111,1,1
1003,2001-2007,1,100,852990112,1,1
1004,2008-2014,1,100,852990112,1,1
1005,2001-2007,1,100,852990113,1,1
1006,2008-2014,1,100,852990113,1,1
1007,2001-2007,1,100,852990120,1,1
1008,2008-2014,1,100,852990120,1,1
1009,2001-2007,1,100,852990190,1,1
1010,2008-2014,1,100,852990190,1,1
1011,1994-2000,1,100,852990200,-1,-1
1012,2001-2007,1,100,852990200,-1,-1
1013,2008-2014,1,100,852990200,-1,-1
1014,1994-2000,1,100,852990900,-1,-1
1015,2001-2007,1,100,852990900,-0.618806248,-0.826852702
1016,2008-2014,1,100,852990900,-0.018970288,-0.452847604
1017,1994-2000,1,100,853110000,0.321732214,-0.669089524
1018,2001-2007,1,100,853110000,0.669477944,-0.435083965
1019,2008-2014,1,100,853110000,0.729616814,-0.393721329
1020,1994-2000,1,2,853120000,-0.460482635,-0.42110191
1021,2001-2007,1,2,853120000,0.526557439,-0.476315713
1022,2008-2014,1,2,853120000,0.545490349,-0.238028452
1023,1994-2000,1,100,853180000,0.528378974,-0.303571138
1024,2001-2007,1,100,853180000,0.705509885,-0.435224653
1025,2008-2014,1,100,853180000,0.676123478,-0.451551133
1026,1994-2000,1,1,853210000,-0.987471907,-0.190095326
1027,2001-2007,1,1,853210000,-0.950520256,-0.457381864
1028,2008-2014,1,1,853210000,-0.901507108,0.035536537
1029,1994-2000,1,1,853221000,-0.53580168,0.205263246
1030,2001-2007,1,1,853221000,0.15116762,0.26627614
1031,2008-2014,1,1,853221000,-0.351116036,-0.084631771
1032,1994-2000,1,1,853222000,-0.871959141,-0.247964886
1033,2001-2007,1,1,853222000,-0.822787127,-0.019003689
1034,2008-2014,1,1,853222000,-0.876453007,0.019806591
1035,1994-2000,1,1,853223000,-0.790013163,0.077395394
1036,2001-2007,1,1,853223000,-0.891910148,-0.298638241
1037,2008-2014,1,1,853223000,-0.496771431,-0.145270092
1038,1994-2000,1,1,853224000,-0.499237779,0.152633719
1039,2001-2007,1,1,853224000,-0.619773278,-0.436157437
1040,2008-2014,1,1,853224000,-0.887484538,-0.53422019
1041,1994-2000,1,1,853225000,-0.546255165,-0.17839285
1042,2001-2007,1,1,853225000,-0.319842863,-0.299296937
1043,2008-2014,1,1,853225000,-0.293566236,-0.292782815
1044,2001-2007,1,1,853230000,1,1
1045,2008-2014,1,1,853230000,1,1
1046,1994-2000,1,1,853230010,1,1
1047,2001-2007,1,1,853230010,1,1
1048,1994-2000,1,1,853230090,1,1
1049,2001-2007,1,1,853230090,1,1
1050,1994-2000,1,1,853230100,-1,-1
1051,2001-2007,1,1,853230100,-1,-1
1052,2008-2014,1,1,853230100,-1,-1
1053,1994-2000,1,1,853230200,-1,-1
1054,2001-2007,1,1,853230200,-1,-1
1055,2008-2014,1,1,853230200,-1,-1
1056,1994-2000,1,1,853321000,-0.487040236,-0.549576312
1057,2001-2007,1,1,853321000,-0.247503834,-0.485868414
1058,2008-2014,1,1,853321000,-0.068050165,-0.514641473
1059,1994-2000,1,100,853340000,0.131409638,-0.289734801
1060,2001-2007,1,100,853340000,0.221275247,-0.505088111
1061,2008-2014,1,100,853340000,-0.005008061,-0.373929944
1062,1994-2000,1,2,853400000,-0.491825235,0.082536754
1063,2001-2007,1,2,853400000,-0.203071107,-0.392450754
1064,2008-2014,1,2,853400000,-0.032250469,-0.563166192
1065,1994-2000,7,3,853529000,-0.658765535,-0.175573864
1066,2001-2007,7,3,853529000,-0.779285795,-0.419894613
1067,2008-2014,7,3,853529000,-0.412467356,-0.374181189
1068,1994-2000,7,3,853529100,-1,-1
1069,1994-2000,7,3,853529900,-1,-1
1070,1994-2000,7,1,853530000,-0.993040627,-0.323482616
1071,2001-2007,7,1,853530000,-0.926196008,-0.248694467
1072,2008-2014,7,1,853530000,-0.501486112,-0.485445574
1073,1994-2000,7,100,853540000,1,1
1074,2001-2007,7,100,853540000,1,1
1075,2008-2014,7,100,853540000,1,1
1076,1994-2000,7,100,853540100,-1,-1
1077,2001-2007,7,100,853540100,-1,-1
1078,2008-2014,7,100,853540100,-1,-1
1079,1994-2000,7,100,853540900,-1,-1
1080,2001-2007,7,100,853540900,-1,-1
1081,2008-2014,7,100,853540900,-1,-1
1082,1994-2000,7,2,853590000,-0.992215414,-0.427779185
1083,2001-2007,7,2,853590000,-0.87456097,-0.332169055
1084,2008-2014,7,2,853590000,-0.700249661,-0.42381382
1085,1994-2000,7,100,853620000,0.341080085,-0.139284116
1086,2001-2007,7,100,853620000,0.526023112,0.0368518
1087,2008-2014,7,100,853620000,0.092532623,-0.291525303
1088,1994-2000,1,100,853630000,-0.192666951,-0.669751024
1089,2001-2007,1,100,853630000,-0.053711899,-0.675554337
1090,2008-2014,1,100,853630000,-0.039160935,-0.268772206
1091,1994-2000,1,2,853641000,0.373282153,-0.354075822
1092,2001-2007,1,2,853641000,0.106013722,-0.246559651
1093,2008-2014,1,2,853641000,-0.197593518,-0.260935189
1094,1994-2000,1,2,853649000,0.237151272,0.078645282
1095,2001-2007,1,2,853649000,0.168547521,-0.267974106
1096,2008-2014,1,2,853649000,-0.29932918,-0.347226937
1097,1994-2000,1,100,853650011,1,1
1098,2001-2007,1,100,853650011,1,1
1099,2008-2014,1,100,853650011,1,1
1100,1994-2000,1,100,853650019,1,1
1101,2001-2007,1,100,853650019,1,1
1102,2008-2014,1,100,853650019,1,1
1103,1994-2000,1,100,853650090,1,1
1104,2001-2007,1,100,853650090,1,1
1105,2008-2014,1,100,853650090,1,1
1106,1994-2000,1,100,853650100,-1,-1
1107,2001-2007,1,100,853650100,-1,-1
1108,2008-2014,1,100,853650100,-1,-1
1109,1994-2000,1,100,853650900,-1,-1
1110,2001-2007,1,100,853650900,-1,-1
1111,2008-2014,1,100,853650900,-1,-1
1112,1994-2000,4,1,853690000,1,1
1113,2001-2007,4,1,853690000,1,1
1114,2008-2014,4,1,853690000,1,1
1115,1994-2000,4,1,853690100,-1,-1
1116,2001-2007,4,1,853690100,-1,-1
1117,2008-2014,4,1,853690100,-1,-1
1118,1994-2000,4,1,853690200,-1,-1
1119,1994-2000,4,1,853690210,-1,-1
1120,2001-2007,4,1,853690210,-1,-1
1121,2008-2014,4,1,853690210,-1,-1
1122,1994-2000,4,1,853690290,-1,-1
1123,2001-2007,4,1,853690290,-1,-1
1124,2008-2014,4,1,853690290,-1,-1
1125,1994-2000,1,100,853710000,-0.80681477,-0.115925438
1126,2001-2007,1,100,853710000,-0.514068309,-0.138644628
1127,2008-2014,1,100,853710000,-0.499010058,-0.243157758
1128,1994-2000,7,100,853720000,-0.940589461,-0.321302281
1129,2001-2007,7,100,853720000,-0.870098574,-0.508430059
1130,2008-2014,7,100,853720000,-0.836442133,-0.489292002
1131,1994-2000,7,100,853931000,-0.359340369,-0.00406145
1132,2001-2007,7,100,853931000,0.698686621,-0.309713481
1133,2008-2014,7,100,853931000,0.892070766,-0.053842117
1134,1994-2000,1,2,854020000,-1,-1
1135,2001-2007,1,2,854020000,-1,-1
1136,2008-2014,1,2,854020000,-1,-1
1137,1994-2000,1,2,854020010,1,1
1138,2001-2007,1,2,854020010,1,1
1139,1994-2000,1,2,854020090,1,1
1140,2001-2007,1,2,854020090,1,1
1141,2008-2014,1,2,854020090,1,1
1142,1994-2000,1,2,854020100,-1,-1
1143,1994-2000,1,2,854020900,-1,-1
1144,1994-2000,1,2,854081000,0.74807605,-0.364818652
1145,2001-2007,1,2,854081000,0.777042465,-0.303151487
1146,2008-2014,1,2,854081000,-0.486106711,0.118958478
1147,1994-2000,1,2,854089000,1,1
1148,2001-2007,1,2,854089000,1,1
1149,2008-2014,1,2,854089000,1,1
1150,1994-2000,1,2,854089100,-1,-1
1151,2001-2007,1,2,854089100,-1,-1
1152,2008-2014,1,2,854089100,-1,-1
1153,1994-2000,1,2,854089900,-1,-1
1154,2001-2007,1,2,854089900,-1,-1
1155,2008-2014,1,2,854089900,-1,-1
1156,1994-2000,1,1,854091000,-0.684877815,-0.432029053
1157,2001-2007,1,1,854091000,-0.862888522,0.228711464
1158,2008-2014,1,1,854091000,-0.332529602,0.035550392
1159,1994-2000,1,1,854290000,-0.897440899,0.435491571
1160,2001-2007,1,1,854290000,-0.964838587,-0.316342841
1161,2008-2014,1,1,854290000,-0.96886207,-0.657662172
1162,1994-2000,4,2,854320000,-1,-1
1163,1994-2000,4,2,854320010,1,1
1164,1994-2000,4,2,854320090,1,1
1165,1994-2000,4,100,854330000,-0.953372153,-0.345950466
1166,1994-2000,4,1,854390000,-0.385050631,-0.162121163
1167,2001-2007,4,1,854390000,-0.534694999,-0.284399692
1168,2008-2014,4,1,854390000,-0.639055111,-0.312746532
1169,1994-2000,6,1,854411000,-0.940752117,-0.013169199
1170,2001-2007,6,1,854411000,-0.757923353,0.033559371
1171,2008-2014,6,1,854411000,-0.646628439,-0.254760514
1172,1994-2000,6,1,854420000,0.470284925,0.012062731
1173,2001-2007,6,1,854420000,0.706084329,-0.448452002
1174,2008-2014,6,1,854420000,0.740493129,-0.464181399
1175,1994-2000,1,1,854449000,1,1
1176,1994-2000,1,1,854449010,1,1
1177,2001-2007,1,1,854449010,1,1
1178,2008-2014,1,1,854449010,1,1
1179,1994-2000,1,1,854449090,1,1
1180,2001-2007,1,1,854449090,1,1
1181,2001-2007,1,1,854449091,1,1
1182,2008-2014,1,1,854449091,1,1
1183,2001-2007,1,1,854449099,1,1
1184,2008-2014,1,1,854449099,1,1
1185,2001-2007,1,1,854449100,-1,-1
1186,2008-2014,1,1,854449100,-1,-1
1187,1994-2000,1,1,854449110,-1,-1
1188,2001-2007,1,1,854449110,-1,-1
1189,1994-2000,1,1,854449190,-1,-1
1190,2001-2007,1,1,854449190,-1,-1
1191,2001-2007,1,1,854449200,-1,-1
1192,2008-2014,1,1,854449200,-1,-1
1193,2008-2014,1,1,854449900,-1,-1
1194,1994-2000,1,1,854449910,-1,-1
1195,2001-2007,1,1,854449910,-1,-1
1196,2008-2014,1,1,854449910,-1,-1
1197,1994-2000,1,1,854449990,-1,-1
1198,2001-2007,1,1,854449990,-1,-1
1199,2008-2014,1,1,854449990,-1,-1
1200,1994-2000,6,1,854460010,1,1
1201,2001-2007,6,1,854460010,1,1
1202,2008-2014,6,1,854460010,1,1
1203,1994-2000,6,1,854460090,1,1
1204,2001-2007,6,1,854460090,1,1
1205,2008-2014,6,1,854460090,1,1
1206,2001-2007,6,1,854460100,-1,-1
1207,2008-2014,6,1,854460100,-1,-1
1208,1994-2000,6,1,854460110,-1,-1
1209,2001-2007,6,1,854460110,-1,-1
1210,1994-2000,6,1,854460190,-1,-1
1211,2001-2007,6,1,854460190,-1,-1
1212,2008-2014,6,1,854460900,-1,-1
1213,1994-2000,6,1,854460910,-1,-1
1214,2001-2007,6,1,854460910,-1,-1
1215,2008-2014,6,1,854460910,-1,-1
1216,1994-2000,6,1,854460990,-1,-1
1217,2001-2007,6,1,854460990,-1,-1
1218,2008-2014,6,1,854460990,-1,-1
1219,1994-2000,6,1,854470010,1,1
1220,2001-2007,6,1,854470010,1,1
1221,2008-2014,6,1,854470010,1,1
1222,1994-2000,6,1,854470090,1,1
1223,2001-2007,6,1,854470090,1,1
1224,2008-2014,6,1,854470090,1,1
1225,1994-2000,6,1,854470100,-1,-1
1226,2001-2007,6,1,854470100,-1,-1
1227,2008-2014,6,1,854470100,-1,-1
1228,1994-2000,6,1,854470910,-1,-1
1229,2001-2007,6,1,854470910,-1,-1
1230,2008-2014,6,1,854470910,-1,-1
1231,1994-2000,6,1,854470990,-1,-1
1232,2001-2007,6,1,854470990,-1,-1
1233,2008-2014,6,1,854470990,-1,-1
1234,1994-2000,7,1,854690000,-0.624048039,-0.578655693
1235,2001-2007,7,1,854690000,-0.150893807,-0.668364642
1236,2008-2014,7,1,854690000,-0.118114394,-0.279669564
1237,1994-2000,7,1,854790000,0.505321461,0.561911178
1238,2001-2007,7,1,854790000,-0.690143918,-0.452883247
1239,2008-2014,7,1,854790000,-0.578458077,0.001421875
1240,1994-2000,7,1,854790100,-1,-1
1241,1994-2000,7,1,854790900,-1,-1
1242,1994-2000,4,4,860900000,0.871510599,0.190595093
1243,2001-2007,4,4,860900000,0.925585678,0.107949226
1244,2008-2014,4,4,860900000,0.957574217,-0.155112047
1245,1994-2000,1,4,870590000,-0.996419092,-0.851204109
1246,2001-2007,1,4,870590000,-0.984314784,-0.739009318
1247,2008-2014,1,4,870590000,-0.555557218,-0.343001378
1248,1994-2000,4,100,870893000,-0.942392098,-0.546241614
1249,2001-2007,4,100,870893000,-0.693807581,-0.268765133
1250,2008-2014,4,100,870893000,-0.376092116,-0.181718614
1251,1994-2000,4,2,870899010,1,1
1252,2001-2007,4,2,870899010,1,1
1253,2008-2014,4,2,870899010,1,1
1254,1994-2000,4,2,870899090,1,1
1255,2001-2007,4,2,870899090,1,1
1256,2008-2014,4,2,870899090,1,1
1257,1994-2000,4,2,870899100,-1,-1
1258,2001-2007,4,2,870899100,-1,-1
1259,2008-2014,4,2,870899100,-1,-1
1260,1994-2000,4,2,870899200,-1,-1
1261,2001-2007,4,2,870899200,-1,-1
1262,2008-2014,4,2,870899200,-1,-1
1263,1994-2000,4,2,870899900,-1,-1
1264,2001-2007,4,2,870899900,-1,-1
1265,2008-2014,4,2,870899900,-1,-1
1266,1994-2000,3,4,880190000,1,1
1267,2001-2007,3,4,880190000,1,1
1268,1994-2000,3,4,880190100,-1,-1
1269,2001-2007,3,4,880211000,-1,-1
1270,1994-2000,3,4,880220000,-1,-1
1271,2001-2007,3,4,880220000,0.044468468,-0.113956895
1272,2008-2014,3,4,880220000,1,1
1273,2001-2007,3,4,880310000,-1,-1
1274,1994-2000,3,4,880310090,1,1
1275,2008-2014,3,4,880310090,1,1
1276,1994-2000,3,2,880320000,0.5,0.333333333
1277,2001-2007,3,2,880320000,0.498519758,-0.202127278
1278,2008-2014,3,2,880320000,0.790259777,-0.180752323
1279,1994-2000,3,100,880330000,-0.623659252,-0.723347462
1280,2001-2007,3,100,880330000,-0.463452248,-0.136169675
1281,2008-2014,3,100,880330000,-0.244007524,0.255419279
1282,1994-2000,3,100,880390000,0.393331621,0.345103033
1283,2001-2007,3,100,880390000,0.512023273,0.592652241
1284,2008-2014,3,100,880390000,0.77668797,0.848484229
1285,1994-2000,3,1,880400000,0.986325968,0.713987466
1286,2001-2007,3,1,880400000,0.959370656,0.748635242
1287,2008-2014,3,1,880400000,1,1
1288,2001-2007,3,100,880529000,-0.975867071,-0.010286901
1289,2008-2014,3,100,880529000,0.50978505,0.482384824
1290,1994-2000,8,100,890790000,0.666817832,-1
1291,2001-2007,8,100,890790000,0.797158151,-1
1292,2008-2014,8,100,890790000,0.842390787,-1
1293,1994-2000,6,100,900110010,1,1
1294,2001-2007,6,100,900110010,1,1
1295,2008-2014,6,100,900110010,1,1
1296,1994-2000,6,100,900110090,1,1
1297,2001-2007,6,100,900110090,1,1
1298,2008-2014,6,100,900110090,1,1
1299,1994-2000,6,100,900110100,-1,-1
1300,2001-2007,6,100,900110100,-1,-1
1301,2008-2014,6,100,900110100,-1,-1
1302,1994-2000,6,100,900110900,-1,-1
1303,2001-2007,6,100,900110900,-1,-1
1304,2008-2014,6,100,900110900,-1,-1
1305,1994-2000,4,1,900190000,-0.304615486,-0.039831556
1306,2001-2007,4,1,900190000,-0.437477853,0.135173891
1307,2008-2014,4,1,900190000,-0.489602836,0.431567446
1308,1994-2000,1,2,900211010,1,1
1309,2001-2007,1,2,900211010,1,1
1310,2008-2014,1,2,900211010,1,1
1311,1994-2000,1,2,900211090,1,1
1312,2001-2007,1,2,900211090,1,1
1313,2008-2014,1,2,900211090,1,1
1314,1994-2000,1,2,900211100,-1,-1
1315,2001-2007,1,2,900211100,-1,-1
1316,2008-2014,1,2,900211100,-1,-1
1317,1994-2000,1,2,900211200,-1,-1
1318,2001-2007,1,2,900211200,-1,-1
1319,2008-2014,1,2,900211200,-1,-1
1320,1994-2000,1,2,900211900,-1,-1
1321,2001-2007,1,2,900211900,-1,-1
1322,2008-2014,1,2,900211900,-1,-1
1323,1994-2000,4,100,900290000,-0.598404315,-0.342200307
1324,2001-2007,4,100,900290000,-0.141806559,-0.163384317
1325,2008-2014,4,100,900290000,-0.00541854,-0.092997882
1326,1994-2000,4,100,900290010,1,1
1327,1994-2000,4,100,900290090,1,1
1328,1994-2000,4,4,900580000,1,1
1329,2001-2007,4,4,900580000,1,1
1330,2008-2014,4,4,900580000,1,1
1331,1994-2000,4,4,900580110,-1,-1
1332,2001-2007,4,4,900580110,-1,-1
1333,2008-2014,4,4,900580110,-1,-1
1334,1994-2000,4,4,900580190,-1,-1
1335,2001-2007,4,4,900580190,-1,-1
1336,2008-2014,4,4,900580190,-1,-1
1337,1994-2000,4,4,900580900,-1,-1
1338,2001-2007,4,4,900580900,-1,-1
1339,2008-2014,4,4,900580900,-1,-1
1340,1994-2000,4,4,900610000,-1,-1
1341,2001-2007,4,4,900610000,-0.954460314,-0.869268684
1342,2008-2014,4,4,900610000,-0.684316443,-0.503165758
1343,1994-2000,4,4,900620000,-1,-1
1344,2001-2007,4,4,900620000,1,1
1345,2001-2007,5,4,900630000,-0.990752966,-0.979545828
1346,2008-2014,5,4,900630000,-0.993027669,-0.765321906
1347,1994-2000,5,4,900630021,1,1
1348,2001-2007,5,4,900630021,1,1
1349,2001-2007,5,4,900630029,1,1
1350,1994-2000,5,4,900630100,-1,-1
1351,2001-2007,5,4,900630100,-1,-1
1352,1994-2000,5,4,900630900,-1,-1
1353,2001-2007,5,4,900630900,-1,-1
1354,1994-2000,1,4,900719000,-0.6,-0.6
1355,2001-2007,1,4,900719000,-0.333333333,-0.333333333
1356,2008-2014,1,4,900719000,-0.918660287,-0.899718838
1357,1994-2000,1,1,900791000,-0.389293717,-0.620224091
1358,2001-2007,1,1,900791000,0.163382834,-0.217102707
1359,2008-2014,1,1,900791000,0.303943102,0.108762066
1360,1994-2000,1,4,900911000,0.037553934,0.666034221
1361,2001-2007,1,4,900911000,-0.138064567,0.55836725
1362,1994-2000,1,4,900912000,0.859216255,0.526937745
1363,2001-2007,1,4,900912000,0.535294142,0.659160417
1364,1994-2000,5,3,901110000,-0.626438067,-0.625979495
1365,2001-2007,5,3,901110000,0.088019209,-0.606021743
1366,2008-2014,5,3,901110000,0.539342549,-0.678404226
1367,1994-2000,4,3,901180000,1,1
1368,2001-2007,4,3,901180000,1,1
1369,2008-2014,4,3,901180000,1,1
1370,1994-2000,4,3,901180100,-1,-1
1371,2001-2007,4,3,901180100,-1,-1
1372,2008-2014,4,3,901180100,-1,-1
1373,1994-2000,4,3,901180900,-1,-1
1374,2001-2007,4,3,901180900,-1,-1
1375,2008-2014,4,3,901180900,-1,-1
1376,1994-2000,4,1,901190000,0.005887513,-0.450855355
1377,2001-2007,4,1,901190000,-0.403753836,-0.598628548
1378,2008-2014,4,1,901190000,-0.100115346,-0.663457158
1379,1994-2000,4,3,901210000,-0.983558442,-0.772486585
1380,2001-2007,4,3,901210000,-0.975101718,-0.712296589
1381,2008-2014,4,3,901210000,-0.978687163,-0.523315245
1382,1994-2000,4,2,901310000,1,1
1383,2001-2007,4,2,901310000,0.787442526,0.324355225
1384,2008-2014,4,2,901310000,0.41273987,-0.671112556
1385,2001-2007,4,2,901310100,-1,-1
1386,1994-2000,4,2,901310900,-1,-1
1387,2001-2007,4,2,901310900,-1,-1
1388,1994-2000,4,2,901320000,-1,-1
1389,2001-2007,4,2,901320000,-1,-1
1390,2008-2014,4,2,901320000,-1,-1
1391,1994-2000,4,2,901320010,1,1
1392,2001-2007,4,2,901320010,1,1
1393,2008-2014,4,2,901320010,1,1
1394,1994-2000,4,2,901320090,1,1
1395,2001-2007,4,2,901320090,1,1
1396,2008-2014,4,2,901320090,1,1
1397,1994-2000,1,2,901380000,0.315784528,-0.423139207
1398,2001-2007,1,2,901380000,-0.287218292,-0.343293261
1399,2008-2014,1,2,901380000,-0.668534671,0.015323019
1400,1994-2000,3,2,901410000,-0.235360505,-0.592312122
1401,2001-2007,3,2,901410000,-0.063371876,-0.719191663
1402,2008-2014,3,2,901410000,-0.582934981,-0.370470794
1403,2001-2007,3,100,901420000,-0.128992247,-0.137994217
1404,2008-2014,3,100,901420000,0.65103768,0.000860985
1405,2001-2007,3,100,901420010,1,1
1406,1994-2000,3,100,901420019,1,1
1407,1994-2000,3,100,901420090,1,1
1408,1994-2000,3,100,901420100,-1,-1
1409,2001-2007,3,100,901420100,-1,-1
1410,1994-2000,3,100,901420900,-1,-1
1411,2001-2007,3,100,901420900,-1,-1
1412,1994-2000,4,4,901510000,-0.755863393,-0.673929511
1413,2001-2007,4,4,901510000,-0.203141273,-0.311534646
1414,2008-2014,4,4,901510000,0.199577338,-0.487294179
1415,1994-2000,4,4,901520000,-0.998980757,-0.770847743
1416,2001-2007,4,4,901520000,-0.678897799,-0.363821278
1417,2008-2014,4,4,901520000,-0.416353251,-0.565740969
1418,1994-2000,4,4,901530000,0.584500793,-0.482573555
1419,2001-2007,4,4,901530000,0.615564533,-0.743158173
1420,2008-2014,4,4,901530000,0.669679611,-0.69360911
1421,1994-2000,4,3,901540000,0.333333333,0.333333333
1422,2001-2007,4,3,901540000,0.692684366,0.681185919
1423,2008-2014,4,3,901540000,0.404246436,0.411091234
1424,2001-2007,4,100,901580000,0.066612468,-0.902329064
1425,2008-2014,4,100,901580000,0.123146215,-0.940629169
1426,1994-2000,4,100,901580010,1,1
1427,2001-2007,4,100,901580010,1,1
1428,1994-2000,4,100,901580090,1,1
1429,2001-2007,4,100,901580090,1,1
1430,1994-2000,4,100,901580100,-1,-1
1431,2001-2007,4,100,901580100,-1,-1
1432,1994-2000,4,100,901580900,-1,-1
1433,2001-2007,4,100,901580900,-1,-1
1434,1994-2000,4,100,901590010,1,1
1435,2001-2007,4,100,901590010,1,1
1436,2008-2014,4,100,901590010,1,1
1437,1994-2000,4,100,901590090,1,1
1438,2001-2007,4,100,901590090,1,1
1439,2008-2014,4,100,901590090,1,1
1440,1994-2000,4,100,901590091,1,1
1441,1994-2000,4,100,901590099,1,1
1442,1994-2000,4,100,901590100,-1,-1
1443,2001-2007,4,100,901590100,-1,-1
1444,2008-2014,4,100,901590100,-1,-1
1445,2001-2007,4,100,901590900,-1,-1
1446,2008-2014,4,100,901590900,-1,-1
1447,1994-2000,4,100,901590910,-1,-1
1448,2001-2007,4,100,901590910,-1,-1
1449,1994-2000,4,100,901590990,-1,-1
1450,2001-2007,4,100,901590990,-1,-1
1451,2001-2007,4,4,901600000,-0.534180223,-0.651463101
1452,2008-2014,4,4,901600000,0.050103399,-0.36223964
1453,1994-2000,4,4,901600010,1,1
1454,2001-2007,4,4,901600010,1,1
1455,1994-2000,4,4,901600090,1,1
1456,2001-2007,4,4,901600090,1,1
1457,1994-2000,4,4,901600100,-1,-1
1458,2001-2007,4,4,901600100,-1,-1
1459,1994-2000,4,4,901600900,-1,-1
1460,2001-2007,4,4,901600900,-1,-1
1461,1994-2000,1,4,901710000,-0.995748612,-0.717592751
1462,2001-2007,1,4,901710000,-0.976659779,-0.714369181
1463,2008-2014,1,4,901710000,-0.730356878,-0.7093412
1464,1994-2000,1,4,901720000,0.727856908,-0.592215302
1465,2001-2007,1,4,901720000,0.924364087,-0.467987032
1466,2008-2014,1,4,901720000,0.882372181,-0.202242981
1467,1994-2000,4,2,901730010,1,1
1468,2001-2007,4,2,901730010,1,1
1469,2008-2014,4,2,901730010,1,1
1470,1994-2000,4,2,901730090,1,1
1471,2001-2007,4,2,901730090,1,1
1472,2008-2014,4,2,901730090,1,1
1473,1994-2000,4,2,901730091,1,1
1474,1994-2000,4,2,901730092,1,1
1475,1994-2000,4,2,901730099,1,1
1476,1994-2000,4,2,901730100,-1,-1
1477,2001-2007,4,2,901730100,-1,-1
1478,2008-2014,4,2,901730100,-1,-1
1479,1994-2000,4,2,901730910,-1,-1
1480,2001-2007,4,2,901730910,-1,-1
1481,2008-2014,4,2,901730910,-1,-1
1482,1994-2000,4,2,901730920,-1,-1
1483,2001-2007,4,2,901730920,-1,-1
1484,2008-2014,4,2,901730920,-1,-1
1485,1994-2000,4,2,901730930,-1,-1
1486,2001-2007,4,2,901730930,-1,-1
1487,2008-2014,4,2,901730930,-1,-1
1488,1994-2000,4,2,901730990,-1,-1
1489,2001-2007,4,2,901730990,-1,-1
1490,2008-2014,4,2,901730990,-1,-1
1491,1994-2000,5,4,901811000,1,1
1492,2001-2007,5,4,901811000,0.336712955,0.539417333
1493,2008-2014,5,4,901811000,-0.331795377,-0.378495979
1494,1994-2000,5,4,901811100,-1,-1
1495,2001-2007,5,4,901811100,-1,-1
1496,1994-2000,5,4,901811900,-1,-1
1497,2001-2007,5,4,901811900,-1,-1
1498,1994-2000,5,100,901819010,1,1
1499,2001-2007,5,100,901819010,1,1
1500,2008-2014,5,100,901819010,1,1
1501,1994-2000,5,100,901819091,1,1
1502,2001-2007,5,100,901819091,1,1
1503,2008-2014,5,100,901819091,1,1
1504,1994-2000,5,100,901819098,1,1
1505,2001-2007,5,100,901819098,1,1
1506,2008-2014,5,100,901819098,1,1
1507,1994-2000,5,100,901819099,1,1
1508,1994-2000,5,100,901819100,-1,-1
1509,2001-2007,5,100,901819100,-1,-1
1510,2008-2014,5,100,901819100,-1,-1
1511,1994-2000,5,100,901819210,-1,-1
1512,2001-2007,5,100,901819210,-1,-1
1513,2008-2014,5,100,901819210,-1,-1
1514,1994-2000,5,100,901819290,-1,-1
1515,2001-2007,5,100,901819290,-1,-1
1516,2008-2014,5,100,901819290,-1,-1
1517,1994-2000,5,100,901819900,-1,-1
1518,2001-2007,5,100,901819900,-1,-1
1519,2008-2014,5,100,901819900,-1,-1
1520,1994-2000,5,4,901820000,-0.74921905,-0.976020493
1521,2001-2007,5,4,901820000,0.468755005,-0.645150778
1522,2008-2014,5,4,901820000,0.329141534,-0.880336662
1523,1994-2000,4,1,901831000,-1,-1
1524,2001-2007,4,1,901831000,-1,-1
1525,2008-2014,4,1,901831000,-1,-1
1526,1994-2000,4,1,901831010,1,1
1527,2001-2007,4,1,901831010,1,1
1528,2008-2014,4,1,901831010,1,1
1529,1994-2000,4,1,901831020,1,1
1530,2001-2007,4,1,901831020,1,1
1531,2008-2014,4,1,901831020,1,1
1532,1994-2000,5,1,901839000,-1,-1
1533,2001-2007,5,1,901839000,-1,-1
1534,2008-2014,5,1,901839000,-1,-1
1535,1994-2000,5,1,901839010,1,1
1536,2001-2007,5,1,901839010,1,1
1537,2008-2014,5,1,901839010,1,1
1538,1994-2000,5,1,901839021,1,1
1539,2001-2007,5,1,901839021,1,1
1540,2008-2014,5,1,901839021,1,1
1541,1994-2000,5,1,901839029,1,1
1542,2001-2007,5,1,901839029,1,1
1543,2008-2014,5,1,901839029,1,1
1544,1994-2000,5,4,901849010,1,1
1545,2001-2007,5,4,901849010,1,1
1546,2008-2014,5,4,901849010,1,1
1547,1994-2000,5,4,901849020,1,1
1548,2001-2007,5,4,901849020,1,1
1549,2008-2014,5,4,901849020,1,1
1550,1994-2000,5,4,901849090,1,1
1551,2001-2007,5,4,901849090,1,1
1552,2008-2014,5,4,901849090,1,1
1553,1994-2000,5,4,901849100,-1,-1
1554,2001-2007,5,4,901849100,-1,-1
1555,2008-2014,5,4,901849100,-1,-1
1556,1994-2000,5,4,901849900,-1,-1
1557,2001-2007,5,4,901849900,-1,-1
1558,2008-2014,5,4,901849900,-1,-1
1559,1994-2000,5,100,901850010,1,1
1560,2001-2007,5,100,901850010,1,1
1561,2008-2014,5,100,901850010,1,1
1562,1994-2000,5,100,901850090,1,1
1563,2001-2007,5,100,901850090,1,1
1564,2008-2014,5,100,901850090,1,1
1565,1994-2000,5,100,901850100,-1,-1
1566,2001-2007,5,100,901850100,-1,-1
1567,2008-2014,5,100,901850100,-1,-1
1568,1994-2000,5,100,901850900,-1,-1
1569,2001-2007,5,100,901850900,-1,-1
1570,2008-2014,5,100,901850900,-1,-1
1571,1994-2000,5,100,901890010,1,1
1572,2001-2007,5,100,901890010,1,1
1573,2008-2014,5,100,901890010,1,1
1574,1994-2000,5,100,901890021,1,1
1575,2001-2007,5,100,901890021,1,1
1576,2008-2014,5,100,901890021,1,1
1577,1994-2000,5,100,901890022,1,1
1578,2001-2007,5,100,901890022,1,1
1579,2008-2014,5,100,901890022,1,1
1580,1994-2000,5,100,901890023,1,1
1581,2001-2007,5,100,901890023,1,1
1582,2008-2014,5,100,901890023,1,1
1583,1994-2000,5,100,901890024,1,1
1584,2001-2007,5,100,901890024,1,1
1585,2008-2014,5,100,901890024,1,1
1586,1994-2000,5,100,901890029,1,1
1587,2001-2007,5,100,901890029,1,1
1588,2008-2014,5,100,901890029,1,1
1589,1994-2000,5,100,901890110,-1,-1
1590,2001-2007,5,100,901890110,-1,-1
1591,2008-2014,5,100,901890110,-1,-1
1592,1994-2000,5,100,901890190,-1,-1
1593,2001-2007,5,100,901890190,-1,-1
1594,2008-2014,5,100,901890190,-1,-1
1595,1994-2000,5,100,901890200,-1,-1
1596,2001-2007,5,100,901890200,-1,-1
1597,2008-2014,5,100,901890200,-1,-1
1598,1994-2000,5,100,901890311,-1,-1
1599,2001-2007,5,100,901890311,-1,-1
1600,2008-2014,5,100,901890311,-1,-1
1601,1994-2000,5,100,901890319,-1,-1
1602,2001-2007,5,100,901890319,-1,-1
1603,2008-2014,5,100,901890319,-1,-1
1604,1994-2000,5,100,901890390,-1,-1
1605,2001-2007,5,100,901890390,-1,-1
1606,2008-2014,5,100,901890390,-1,-1
1607,1994-2000,5,100,901890900,-1,-1
1608,2001-2007,5,100,901890900,-1,-1
1609,2008-2014,5,100,901890900,-1,-1
1610,1994-2000,5,3,901910000,0.810472052,-0.140477412
1611,2001-2007,5,3,901910000,0.841238844,-0.35851432
1612,2008-2014,5,3,901910000,0.910614879,-0.412767511
1613,1994-2000,5,4,901920000,-0.064856078,-0.601768074
1614,2001-2007,5,4,901920000,0.77282154,-0.558938943
1615,2008-2014,5,4,901920000,0.90561038,-0.491560743
1616,2001-2007,5,2,902110000,0.754416563,-0.873620698
1617,2008-2014,5,2,902110000,0.767155044,-0.85952914
1618,1994-2000,5,1,902121000,0.864899944,0.350474107
1619,2001-2007,5,1,902121000,0.026521122,-0.797687599
1620,2008-2014,5,1,902121000,-1,-1
1621,2001-2007,5,1,902121010,1,1
1622,2008-2014,5,1,902121010,1,1
1623,2001-2007,5,1,902121090,1,1
1624,2008-2014,5,1,902121090,1,1
1625,2001-2007,5,1,902131000,-0.108960435,-0.573175337
1626,2008-2014,5,1,902131000,0.608820038,-0.066048361
1627,2001-2007,5,1,902139000,-0.914032091,-0.283424383
1628,2008-2014,5,1,902139000,-0.865046845,-0.425020872
1629,2001-2007,5,3,902150000,1,1
1630,1994-2000,5,1,902190000,-0.43605713,-0.410351082
1631,2001-2007,5,1,902190000,0.614361181,0.420379752
1632,2008-2014,5,1,902190000,0.731896203,0.054989446
1633,1994-2000,5,100,902219000,-0.986330461,-0.742629927
1634,2001-2007,5,100,902219000,-0.991593875,-0.209297603
1635,2008-2014,5,100,902219000,-0.87326808,-0.410119108
1636,1994-2000,5,4,902221000,-1,-1
1637,2001-2007,5,4,902221000,-1,-1
1638,2008-2014,5,4,902221000,0.348116428,-0.074967915
1639,1994-2000,4,4,902229000,-0.973379325,-0.980925526
1640,2001-2007,4,4,902229000,-0.962714791,-0.708736646
1641,2008-2014,4,4,902229000,-0.958399249,-0.566263822
1642,2001-2007,5,100,902230000,-1,-1
1643,2008-2014,5,100,902230000,-1,-1
1644,1994-2000,5,100,902230010,1,1
1645,2001-2007,5,100,902230010,1,1
1646,2008-2014,5,100,902230010,1,1
1647,1994-2000,5,100,902230090,1,1
1648,2001-2007,5,100,902230090,1,1
1649,2008-2014,5,100,902230090,1,1
1650,1994-2000,5,100,902230100,-1,-1
1651,2001-2007,5,100,902230100,-1,-1
1652,1994-2000,5,100,902230900,-1,-1
1653,2001-2007,5,100,902230900,-1,-1
1654,1994-2000,5,100,902290010,1,1
1655,2001-2007,5,100,902290010,1,1
1656,2008-2014,5,100,902290010,1,1
1657,1994-2000,5,100,902290021,1,1
1658,2001-2007,5,100,902290021,1,1
1659,2008-2014,5,100,902290021,1,1
1660,1994-2000,5,100,902290029,1,1
1661,2001-2007,5,100,902290029,1,1
1662,2008-2014,5,100,902290029,1,1
1663,1994-2000,5,100,902290100,-1,-1
1664,2001-2007,5,100,902290100,-1,-1
1665,1994-2000,5,100,902290910,-1,-1
1666,2001-2007,5,100,902290910,-1,-1
1667,2008-2014,5,100,902290910,-1,-1
1668,1994-2000,5,100,902290990,-1,-1
1669,2001-2007,5,100,902290990,-1,-1
1670,2008-2014,5,100,902290990,-1,-1
1671,1994-2000,1,4,902300000,-0.134742151,-0.304881512
1672,2001-2007,1,4,902300000,0.623118765,-0.332782534
1673,2008-2014,1,4,902300000,0.754892625,-0.475713374
1674,2001-2007,4,4,902410000,-0.948131802,-0.526018121
1675,2008-2014,4,4,902410000,-0.839655713,-0.332155036
1676,1994-2000,4,4,902410010,1,1
1677,2001-2007,4,4,902410010,1,1
1678,1994-2000,4,4,902410090,1,1
1679,2001-2007,4,4,902410090,1,1
1680,1994-2000,4,4,902410100,-1,-1
1681,2001-2007,4,4,902410100,-1,-1
1682,1994-2000,4,4,902410900,-1,-1
1683,2001-2007,4,4,902410900,-1,-1
1684,2001-2007,4,4,902480000,-0.865458248,-0.692296799
1685,2008-2014,4,4,902480000,-0.845230552,-0.385948307
1686,1994-2000,4,4,902480010,1,1
1687,2001-2007,4,4,902480010,1,1
1688,1994-2000,4,4,902480090,1,1
1689,2001-2007,4,4,902480090,1,1
1690,1994-2000,4,4,902480100,-1,-1
1691,2001-2007,4,4,902480100,-1,-1
1692,1994-2000,4,4,902480900,-1,-1
1693,2001-2007,4,4,902480900,-1,-1
1694,2001-2007,4,4,902519000,-1,-1
1695,2008-2014,4,4,902519000,-1,-1
1696,1994-2000,4,4,902519010,1,1
1697,2001-2007,4,4,902519010,1,1
1698,2008-2014,4,4,902519010,1,1
1699,1994-2000,4,4,902519090,1,1
1700,2001-2007,4,4,902519090,1,1
1701,2008-2014,4,4,902519090,1,1
1702,1994-2000,4,4,902519100,-1,-1
1703,2001-2007,4,4,902519100,-1,-1
1704,1994-2000,4,4,902519900,-1,-1
1705,2001-2007,4,4,902519900,-1,-1
1706,2001-2007,4,100,902610000,1,1
1707,2008-2014,4,100,902610000,1,1
1708,1994-2000,4,100,902610010,1,1
1709,2001-2007,4,100,902610010,1,1
1710,1994-2000,4,100,902610090,1,1
1711,2001-2007,4,100,902610090,1,1
1712,1994-2000,4,100,902610110,-1,-1
1713,2001-2007,4,100,902610110,-1,-1
1714,2008-2014,4,100,902610110,-1,-1
1715,1994-2000,4,100,902610190,-1,-1
1716,2001-2007,4,100,902610190,-1,-1
1717,2008-2014,4,100,902610190,-1,-1
1718,1994-2000,4,100,902610900,-1,-1
1719,2001-2007,4,100,902610900,-1,-1
1720,2008-2014,4,100,902610900,-1,-1
1721,1994-2000,4,100,902620010,1,1
1722,2001-2007,4,100,902620010,1,1
1723,2008-2014,4,100,902620010,1,1
1724,1994-2000,4,100,902620090,1,1
1725,2001-2007,4,100,902620090,1,1
1726,2008-2014,4,100,902620090,1,1
1727,1994-2000,4,100,902620110,-1,-1
1728,2001-2007,4,100,902620110,-1,-1
1729,2008-2014,4,100,902620110,-1,-1
1730,1994-2000,4,100,902620190,-1,-1
1731,2001-2007,4,100,902620190,-1,-1
1732,2008-2014,4,100,902620190,-1,-1
1733,1994-2000,4,100,902620900,-1,-1
1734,2001-2007,4,100,902620900,-1,-1
1735,2008-2014,4,100,902620900,-1,-1
1736,1994-2000,4,2,902690000,-0.519185633,-0.580725487
1737,2001-2007,4,2,902690000,-0.283806494,-0.382569036
1738,2008-2014,4,2,902690000,-0.324737603,-0.643460995
1739,1994-2000,8,4,902710000,-0.984808195,-0.047896411
1740,2001-2007,8,4,902710000,-0.729905223,0.249045214
1741,2008-2014,8,4,902710000,-0.843506608,0.139813716
1742,1994-2000,4,4,902720000,-0.997009423,-0.492545351
1743,2001-2007,4,4,902720000,-0.085883802,-0.002440405
1744,2008-2014,4,4,902720000,0.080926842,-0.168353599
1745,2001-2007,4,4,902730000,0.106800451,-0.155379282
1746,2008-2014,4,4,902730000,-0.299000789,-0.493993214
1747,1994-2000,4,4,902730010,1,1
1748,2001-2007,4,4,902730010,1,1
1749,1994-2000,4,4,902730090,1,1
1750,2001-2007,4,4,902730090,1,1
1751,1994-2000,4,4,902730100,-1,-1
1752,2001-2007,4,4,902730100,-1,-1
1753,1994-2000,4,4,902730900,-1,-1
1754,2001-2007,4,4,902730900,-1,-1
1755,1994-2000,4,4,902750000,-0.984354549,-0.454816205
1756,2001-2007,4,4,902750000,-0.658532099,-0.322133109
1757,2008-2014,4,4,902750000,-0.802290599,-0.509113541
1758,1994-2000,4,100,902780011,1,1
1759,2001-2007,4,100,902780011,1,1
1760,2008-2014,4,100,902780011,1,1
1761,1994-2000,4,100,902780019,1,1
1762,2001-2007,4,100,902780019,1,1
1763,2008-2014,4,100,902780019,1,1
1764,1994-2000,4,100,902780090,1,1
1765,2001-2007,4,100,902780090,1,1
1766,2008-2014,4,100,902780090,1,1
1767,1994-2000,4,100,902780091,1,1
1768,1994-2000,4,100,902780110,-1,-1
1769,2001-2007,4,100,902780110,-1,-1
1770,2008-2014,4,100,902780110,-1,-1
1771,2001-2007,4,100,902780120,-1,-1
1772,1994-2000,4,100,902780190,-1,-1
1773,2001-2007,4,100,902780190,-1,-1
1774,2008-2014,4,100,902780190,-1,-1
1775,1994-2000,4,100,902780910,-1,-1
1776,2001-2007,4,100,902780910,-1,-1
1777,2008-2014,4,100,902780910,-1,-1
1778,1994-2000,4,100,902780990,-1,-1
1779,2001-2007,4,100,902780990,-1,-1
1780,2008-2014,4,100,902780990,-1,-1
1781,1994-2000,4,100,902790010,1,1
1782,2001-2007,4,100,902790010,1,1
1783,2008-2014,4,100,902790010,1,1
1784,1994-2000,4,100,902790090,1,1
1785,2001-2007,4,100,902790090,1,1
1786,2008-2014,4,100,902790090,1,1
1787,1994-2000,4,100,902790100,-1,-1
1788,2001-2007,4,100,902790100,-1,-1
1789,2008-2014,4,100,902790100,-1,-1
1790,1994-2000,4,100,902790900,-1,-1
1791,2001-2007,4,100,902790900,-1,-1
1792,2008-2014,4,100,902790900,-1,-1
1793,1994-2000,4,3,902810000,-0.980714531,-0.74324594
1794,2001-2007,4,3,902810000,-0.666494008,0.620911398
1795,2008-2014,4,3,902810000,-0.953941413,-0.157238538
1796,1994-2000,4,100,902830000,-0.805176276,-0.163199684
1797,2001-2007,4,100,902830000,0.211125961,0.068778755
1798,2008-2014,4,100,902830000,0.116231034,-0.26223071
1799,1994-2000,4,3,902920010,1,1
1800,2001-2007,4,3,902920010,1,1
1801,2008-2014,4,3,902920010,1,1
1802,1994-2000,4,3,902920090,1,1
1803,2001-2007,4,3,902920090,1,1
1804,2008-2014,4,3,902920090,1,1
1805,1994-2000,4,3,902920100,-1,-1
1806,2001-2007,4,3,902920100,-1,-1
1807,2008-2014,4,3,902920100,-1,-1
1808,1994-2000,4,3,902920910,-1,-1
1809,2001-2007,4,3,902920910,-1,-1
1810,2008-2014,4,3,902920910,-1,-1
1811,1994-2000,4,3,902920920,-1,-1
1812,2001-2007,4,3,902920920,-1,-1
1813,2008-2014,4,3,902920920,-1,-1
1814,1994-2000,4,3,902920990,-1,-1
1815,2001-2007,4,3,902920990,-1,-1
1816,2008-2014,4,3,902920990,-1,-1
1817,1994-2000,8,4,903010000,-0.760818139,-0.42573284
1818,2001-2007,8,4,903010000,-0.717887546,-0.489062298
1819,2008-2014,8,4,903010000,-0.268003774,-0.096037831
1820,1994-2000,4,4,903020000,-0.73229515,-0.51540732
1821,2001-2007,4,4,903020000,0.443646591,-0.153531391
1822,2008-2014,4,4,903020000,0.747985527,-0.171749637
1823,1994-2000,4,3,903031000,0.01479944,-0.650352666
1824,2001-2007,4,3,903031000,0.360981586,-0.447964813
1825,2008-2014,4,3,903031000,0.500498483,-0.616954734
1826,2001-2007,4,100,903039000,-0.580390168,-0.789473472
1827,2008-2014,4,100,903039000,-0.521006657,-0.391867901
1828,1994-2000,4,100,903039010,1,1
1829,2001-2007,4,100,903039010,1,1
1830,1994-2000,4,100,903039090,1,1
1831,2001-2007,4,100,903039090,1,1
1832,1994-2000,4,100,903039100,-1,-1
1833,2001-2007,4,100,903039100,-1,-1
1834,1994-2000,4,100,903039900,-1,-1
1835,2001-2007,4,100,903039900,-1,-1
1836,1994-2000,4,100,903040000,-0.960984201,-0.537400893
1837,2001-2007,4,100,903040000,-0.713498273,-0.04491618
1838,2008-2014,4,100,903040000,-0.830173877,-0.38872213
1839,1994-2000,4,100,903089010,1,1
1840,2001-2007,4,100,903089010,1,1
1841,2008-2014,4,100,903089010,1,1
1842,1994-2000,4,100,903089091,1,1
1843,2001-2007,4,100,903089091,1,1
1844,2008-2014,4,100,903089091,1,1
1845,2008-2014,4,100,903089092,1,1
1846,1994-2000,4,100,903089099,1,1
1847,2001-2007,4,100,903089099,1,1
1848,2008-2014,4,100,903089099,1,1
1849,1994-2000,4,100,903089100,-1,-1
1850,2001-2007,4,100,903089100,-1,-1
1851,2008-2014,4,100,903089100,-1,-1
1852,1994-2000,4,100,903089910,-1,-1
1853,2001-2007,4,100,903089910,-1,-1
1854,2008-2014,4,100,903089910,-1,-1
1855,1994-2000,4,100,903089920,-1,-1
1856,1994-2000,4,100,903089990,-1,-1
1857,2001-2007,4,100,903089990,-1,-1
1858,2008-2014,4,100,903089990,-1,-1
1859,1994-2000,4,4,903110000,-0.857565589,-0.297146421
1860,2001-2007,4,4,903110000,-0.737649586,-0.413919356
1861,2008-2014,4,4,903110000,-0.972648772,-0.785326394
1862,1994-2000,4,3,903120000,-0.986506072,-0.868597131
1863,2001-2007,4,3,903120000,-0.497244452,-0.266158142
1864,2008-2014,4,3,903120000,-0.985468046,-0.528471617
1865,2008-2014,4,3,903149010,1,1
1866,2001-2007,4,3,903149100,-1,-1
1867,2008-2014,4,3,903149100,-1,-1
1868,1994-2000,4,100,903180011,1,1
1869,2001-2007,4,100,903180011,1,1
1870,2008-2014,4,100,903180011,1,1
1871,1994-2000,4,100,903180012,1,1
1872,2001-2007,4,100,903180012,1,1
1873,2008-2014,4,100,903180012,1,1
1874,1994-2000,4,100,903180013,1,1
1875,2001-2007,4,100,903180013,1,1
1876,2008-2014,4,100,903180013,1,1
1877,1994-2000,4,100,903180019,1,1
1878,2001-2007,4,100,903180019,1,1
1879,2008-2014,4,100,903180019,1,1
1880,1994-2000,4,100,903180090,1,1
1881,2001-2007,4,100,903180090,1,1
1882,2008-2014,4,100,903180090,1,1
1883,1994-2000,4,100,903180110,-1,-1
1884,2001-2007,4,100,903180110,-1,-1
1885,2008-2014,4,100,903180110,-1,-1
1886,1994-2000,4,100,903180190,-1,-1
1887,2001-2007,4,100,903180190,-1,-1
1888,2008-2014,4,100,903180190,-1,-1
1889,1994-2000,4,100,903180900,-1,-1
1890,2001-2007,4,100,903180900,-1,-1
1891,2008-2014,4,100,903180900,-1,-1
1892,1994-2000,4,3,903281000,-0.983658327,-0.250276629
1893,2001-2007,4,3,903281000,-0.391904976,-0.13796708
1894,2008-2014,4,3,903281000,-0.672774432,0.164583554
1895,1994-2000,4,100,903289010,1,1
1896,2001-2007,4,100,903289010,1,1
1897,2008-2014,4,100,903289010,1,1
1898,1994-2000,4,100,903289090,1,1
1899,2001-2007,4,100,903289090,1,1
1900,2008-2014,4,100,903289090,1,1
1901,1994-2000,4,100,903289111,-1,-1
1902,2001-2007,4,100,903289111,-1,-1
1903,2008-2014,4,100,903289111,-1,-1
1904,1994-2000,4,100,903289112,-1,-1
1905,2001-2007,4,100,903289112,-1,-1
1906,2008-2014,4,100,903289112,-1,-1
1907,1994-2000,4,100,903289119,-1,-1
1908,2001-2007,4,100,903289119,-1,-1
1909,2008-2014,4,100,903289119,-1,-1
1910,1994-2000,4,100,903289190,-1,-1
1911,2001-2007,4,100,903289190,-1,-1
1912,2008-2014,4,100,903289190,-1,-1
1913,1994-2000,4,100,903289900,-1,-1
1914,2001-2007,4,100,903289900,-1,-1
1915,2008-2014,4,100,903289900,-1,-1
1916,1994-2000,4,2,903300000,-0.252940401,-0.30926277
1917,2001-2007,4,2,903300000,0.039412736,-0.463818433
1918,2008-2014,4,2,903300000,-0.057450238,-0.133430748
1919,1994-2000,3,2,940110000,-0.521304173,-0.454709276
1920,2001-2007,3,2,940110000,-1,-1
1921,2008-2014,3,2,940110000,-0.418996851,-0.247854211
1922,1994-2000,4,4,940290000,-0.146701286,0.045165364
1923,2001-2007,4,4,940290000,-0.096007833,-0.362949084
1924,2008-2014,4,4,940290000,0.643659998,-0.220585541
1925,1994-2000,6,1,950639000,0.61927737,-0.165303671
1926,2001-2007,6,1,950639000,0.682368707,0.162072584
1927,2008-2014,6,1,950639000,0.884504873,0.492481587
1928,1994-2000,6,1,950730000,0.764545212,1
1929,2001-2007,6,1,950730000,0.731890003,1
